Fecha,Hora,Concepto,Importe,Rubro Principal,Sub-rubro,Medio de Pago,Dólar BNA,Importe en USD,,,,,,,,,,,,,,
02/01/2026,,DERMAGLOS FPS50 FACIAL 50GR Y DERMAGLOS PROTECTOR SOLAR FP50 250ML CUOTA 3/3,"21,940.37",Gasto Corriente,Cuidado Personal,Tarjeta Crédito,,,,,,,,,,,,,,,,
02/01/2026,,IMPUESTO DE SELLOS MP,263.28,Gasto Corriente,Gastos Bancarios,Tarjeta Crédito,,,,,,,,,,,,,,,,
03/01/2026,,IETE Hogar Cristiano I,"26,250.00",Educación/Formación,Formación espiritual,Transferencia,,,,,,,,,,,,,,,,
05/01/2026,,Arreglo colocacion cinturones de seguridad,"10,000.00",Gasto Corriente,Vehiculo: Mantenimiento,Transferencia,,,,,,,,,,,,,,,,
07/01/2026,,PELUQUERIA,"8,000.00",Gasto Corriente,Cuidado Personal,Transferencia,,,,,,,,,,,,,,,,
08/01/2026,,GIMNASIO,"38,000.00",Gasto Corriente,Bienestar/Deportes,Transferencia,,,,,,,,,,,,,,,,
09/01/2026,,Cuota prestamos ICBC,"83,333.45",Gasto Corriente,Préstamos y Financiación,Debito en cuenta,,,,,,,,,,,,,,,,
12/01/2026,,Celular,"11,500.00",Gasto Corriente,Telefonia movil,Tarjeta Débito,,,,,,,,,,,,,,,,
15/01/2026,,COMIDA VIAJE A RETA,"10,700.00",Gasto Corriente,Salidas y Viajes,Transferencia,,,,,,,,,,,,,,,,
15/01/2026,,COMBUSTIBLE VIAJE A RETA,"9,300.00",Gasto Corriente,Salidas y Viajes,Transferencia,,,,,,,,,,,,,,,,
21/01/2026,,Corralón Alemani (Cuota 9/12),"11,947.52",Obra/Estructura,Materiales,Tarjeta Crédito,,,,,,,,,,,,,,,,
21/01/2026,,NSS*COLORSHOP (Cuota 9/12) PINTURA INTERIOR CASA,"31,195.52",Obra/Estructura,Materiales,Tarjeta Crédito,,,,,,,,,,,,,,,,
21/01/2026,,SIMPLICITY TRES ARRO (Cuota 8/12),"1,207.50",Gasto Corriente,Cuidado Personal,Tarjeta Crédito,,,,,,,,,,,,,,,,
21/01/2026,,WWWDIGITALSPORTCOMAR (Cuota 7/9),"19,888.77",Gasto Corriente,Indumentaria,Tarjeta Crédito,,,,,,,,,,,,,,,,
21/01/2026,,COOP OBRERA HOGAR (Cuota 7/12) RECORTADORA DE BARBA,"2,449.91",Gasto Corriente,Cuidado Personal,Tarjeta Crédito,,,,,,,,,,,,,,,,
21/01/2026,,MACOWENS (Cuota 6/12) ROPA DE TRABAJO,"8,215.25",Gasto Corriente,Indumentaria,Tarjeta Crédito,,,,,,,,,,,,,,,,
21/01/2026,,PERFUMERIA PIGMENTO (Cuota 6/24) PERFUMES BLUE SEDUCTION ANTONIO BANDERA,"4,478.41",Gasto Corriente,Cuidado Personal,Tarjeta Crédito,,,,,,,,,,,,,,,,
21/01/2026,,MERPAGO*MERCADOLIBRE (Cuota 6/6) CALEFACTOR,"48,333.33",Gasto Corriente,Vivienda Casa de Papá,Tarjeta Crédito,,,,,,,,,,,,,,,,
21/01/2026,,MERPAGO*2PRODUCTOS (Cuota 5/6) Valija Carry on. Samsonite Fiero 3.0,"31,900.00",Gasto Corriente,Salidas y Viajes,Tarjeta Crédito,,,,,,,,,,,,,,,,
21/01/2026,,MERPAGO*2PRODUCTOS (Cuota 5/6) PEGASUS 40,"26,833.17",Gasto Corriente,Indumentaria,Tarjeta Crédito,,,,,,,,,,,,,,,,
21/01/2026,,NSS*R.D ROPA DEPORTIVA (Cuota 5/6) Pantalones largos deportivos,"20,416.66",Gasto Corriente,Indumentaria,Tarjeta Crédito,,,,,,,,,,,,,,,,
21/01/2026,,MERPAGO*MERCADOLIBRE (Cuota 2/3),"32,999.33",Gasto Corriente,Indumentaria,Tarjeta Crédito,,,,,,,,,,,,,,,,
21/01/2026,,3 ARROYOS TAJ (Cuota 2/3) Pasaje Bahia Blanca,"9,840.00",Gasto Corriente,Salidas y Viajes,Tarjeta Crédito,,,,,,,,,,,,,,,,
21/01/2026,,MERPAGO*PASAJESPLU (Cuota 2/6) Pasaje Bahia Blanca,"7,950.00",Gasto Corriente,Salidas y Viajes,Tarjeta Crédito,,,,,,,,,,,,,,,,
21/01/2026,,YPF LAVALLE,"46,002.00",Gasto Corriente,Vehiculo: Consumo,Tarjeta Crédito,,,,,,,,,,,,,,,,
21/01/2026,,PAGOS360*APPLUSITEUVEARG,"79,640.87",Gasto Corriente,Vehiculo: Mantenimiento,Tarjeta Crédito,,,,,,,,,,,,,,,,
21/01/2026,,NACION SEGUROS,"18,483.78",Gasto Corriente,Vehiculo: Mantenimiento,Tarjeta Crédito,,,,,,,,,,,,,,,,
21/01/2026,,VEA SM 704 MODO,"1,600.00",Gasto Corriente,Salidas y Viajes,Tarjeta Crédito,,,,,,,,,,,,,,,,
21/01/2026,,IMPUESTO INMOBILIARIO,"5,310.60",Gasto Corriente,Vivienda Casa de Papá,Tarjeta Crédito,,,,,,,,,,,,,,,,
21/01/2026,,ZURICH INTERNA0000002941088-,"432,902.82",Ahorro/Inversiones,Seguro de retiro,Tarjeta Crédito,,,,,,,,,,,,,,,,
21/01/2026,,MERPAGO*PHOTOSTORE Kit accesorios baño kit set 4 piezas Piazza Cube Nickel,"88,058.00",Obra/Estructura,Sanitarios/Grifería,Tarjeta Crédito,,,,,,,,,,,,,,,,
21/01/2026,,MERPAGO*LOS2HERMANOS. DOS ENSALADAS DE FRUTAS,"6,000.00",Gasto Corriente,Salidas y Viajes,Tarjeta Crédito,,,,,,,,,,,,,,,,
21/01/2026,,MERPAGO*BERNOVA Vanitory Colgante Bernova 2 65cm Olmo Finlandes Doble Cajon,"560,709.00",Obra/Estructura,Sanitarios/Grifería,Tarjeta Crédito,,,,,,,,,,,,,,,,
21/01/2026,,Juego de toalla y toallon blanco,"41,464.74",Equipamiento/Mobiliario,Bazar y Blanco,Tarjeta Crédito,,,,,,,,,,,,,,,,
21/01/2026,,Llave Cruz,"9,117.69",Gasto Corriente,Vehiculo: Mantenimiento,Tarjeta Crédito,,,,,,,,,,,,,,,,
21/01/2026,,Florero Jarron Nordico,"6,174.05",Gasto Corriente,Donacion/regalos,Tarjeta Crédito,,,,,,,,,,,,,,,,
21/01/2026,,Kit x 12 Taper Hermetico de Vidrio,"71,344.05",Equipamiento/Mobiliario,Bazar y Blanco,Tarjeta Crédito,,,,,,,,,,,,,,,,
21/01/2026,,IMPUESTO DE SELLOS BNA,"21,005.69",Gasto Corriente,Gastos Bancarios,Tarjeta Crédito,,,,,,,,,,,,,,,,
23/01/2026,,PAPELES CARTA,"2,400.00",Gasto Corriente,Donacion/regalos,Transferencia,,,,,,,,,,,,,,,,
24/01/2026,,EMPANADAS 6 UNIDADES PANZA LLENA,"13,200.00",Gasto Corriente,Salidas y Viajes,Transferencia,,,,,,,,,,,,,,,,
26/01/2026,,Curso de masajes (Cuota 1 de 6),"47,700.00",Educación/Formación,Oficio,Transferencia,,,,,,,,,,,,,,,,
28/01/2026,,SERV. U OTROS CONCEPTOS CPS,"4,593.90",Gasto Corriente,Seguridad Social / Aportes,Recibo de Sueldo,,,,,,,,,,,,,,,,
28/01/2026,,Cuota prestamos,"45,851.60",Gasto Corriente,Préstamos y Financiación,Recibo de Sueldo,,,,,,,,,,,,,,,,
28/01/2026,,Cuota prestamo hipotecario,"35,900.48",Gasto Corriente,Préstamos y Financiación,Recibo de Sueldo,,,,,,,,,,,,,,,,
28/01/2026,,Nacion Retiro Aporte Ordinario,"39,653.87",Ahorro/Inversiones,Seguro de retiro,Recibo de Sueldo,,,,,,,,,,,,,,,,
29/01/2026,,Futbol,"5,000.00",Gasto Corriente,Bienestar/Deportes,Efectivo,,,,,,,,,,,,,,,,
02/02/2026,,MOCHILA MATERA REGALO LUDMILA (Cuota 1/3),"18,880.99",Gasto Corriente,Donacion/regalos,Tarjeta Crédito,,,,,,,,,,,,,,,,
02/02/2026,,Combustible,"10,012.69",Gasto Corriente,Moto: Consumo,Tarjeta Crédito,,,,,,,,,,,,,,,,
02/02/2026,,"Combustible 6,9 litros","11,839.95",Gasto Corriente,Moto: Consumo,Tarjeta Crédito,,,,,,,,,,,,,,,,
02/02/2026,,IMPUESTO DE SELLOS MP,404.81,Gasto Corriente,Gastos Bancarios,Tarjeta Crédito,,,,,,,,,,,,,,,,
03/02/2026,,PORC LIFE TIZA NAT RECT 58X117 7 PIEZAS,"180,192.06",Obra/Estructura,Sanitarios/Grifería,,,,,,,,,,,,,,,,,
03/02/2026,,VAR ACERO UT 12X15 MATE,"86,610.72",Obra/Estructura,Terminaciones: Cocina,,,,,,,,,,,,,,,,,
06/02/2026,,SET TACHOS DE BASURA 3 LTS Y ESCOBILLA BAÑO BLANCO MADERA PLATEADO,"57,785.93",Equipamiento/Mobiliario,Baño/Accesorios,Tarjeta Crédito,,,,,,,,,,,,,,,,
06/02/2026,,JUEGO TOALLA Y TOALLON TERRA 420 GR,"14,391.00",Equipamiento/Mobiliario,Bazar y Blanco,Tarjeta Crédito,,,,,,,,,,,,,,,,
06/02/2026,,MANIJA CRIQUET GATO TOYOTA COROLLA ORIGINAL,"9,417.00",Gasto Corriente,Vehiculo: Mantenimiento,Tarjeta Crédito,,,,,,,,,,,,,,,,
06/02/2026,,IMPUESTO DE SELLOS BCO DEL SOL,0.00,Gasto Corriente,Gastos Bancarios,Tarjeta Crédito,,,,,,,,,,,,,,,,
09/02/2026,,Cuota prestamos ICBC,"83,333.45",Gasto Corriente,Préstamos y Financiación,Debito en cuenta,,,,,,,,,,,,,,,,
11/02/2026,,PELUQUERIA,"80,000.00",Gasto Corriente,Cuidado Personal,Transferencia,,,,,,,,,,,,,,,,
12/02/2026,,"Potrerillos Explorer Excursiones Canopy, kayak, rafting Seña","20,000.00",Gasto Corriente,Salidas y Viajes,Transferencia,,,,,,,,,,,,,,,,
14/02/2026,,Linea 1 De liniers al caballito,593.70,Gasto Corriente,Salidas y Viajes,Transferencia,,,,,,,,,,,,,,,,
15/02/2026,,Alojamiento Hostel 7 noches,"134,800.00",Gasto Corriente,Salidas y Viajes,Transferencia,,,,,,,,,,,,,,,,
16/02/2026,,"Excursiones Camino del vino, alta montaña, cañon del atuel y valle de uco","215,000.00",Gasto Corriente,Salidas y Viajes,Transferencia,,,,,,,,,,,,,,,,
16/02/2026,,Comida - Fruta,"3,200.00",Gasto Corriente,Salidas y Viajes,Transferencia,,,,,,,,,,,,,,,,
03/01/2026,,IETE Evangelismo Personal,"28,140.00",Educación/Formación,Formación espiritual,Transferencia,,,,,,,,,,,,,,,,
17/02/2026,,"Potrerillos Explorer Excursiones Canopy, kayak, rafting Resto","105,000.00",Gasto Corriente,Salidas y Viajes,Efectivo,,,,,,,,,,,,,,,,
17/02/2026,,Potrerillos Explorer Excursiones Cabalgata,"27,500.00",Gasto Corriente,Salidas y Viajes,Transferencia,,,,,,,,,,,,,,,,
17/02/2026,,Restaurante Sorrentinos Potrerillos,"33,000.00",Gasto Corriente,Salidas y Viajes,Transferencia,,,,,,,,,,,,,,,,
18/02/2026,,Corralón Alemani (Cuota 10/12),"11,947.52",Obra/Estructura,Materiales,Tarjeta Crédito,,,,,,,,,,,,,,,,
18/02/2026,,NSS*COLORSHOP (Cuota 9/12) PINTURA INTERIOR CASA,"31,195.52",Obra/Estructura,Materiales,Tarjeta Crédito,,,,,,,,,,,,,,,,
18/02/2026,,SIMPLICITY TRES ARRO (Cuota 8/12),"1,207.50",Gasto Corriente,Cuidado Personal,Tarjeta Crédito,,,,,,,,,,,,,,,,
18/02/2026,,WWWDIGITALSPORTCOMAR (Cuota 8/9),"19,888.77",Gasto Corriente,Indumentaria,Tarjeta Crédito,,,,,,,,,,,,,,,,
18/02/2026,,COOP OBRERA HOGAR (Cuota 8/12) RECORTADORA DE BARBA,"2,449.81",Gasto Corriente,Cuidado Personal,Tarjeta Crédito,,,,,,,,,,,,,,,,
18/02/2026,,MACOWENS (Cuota 7/12) ROPA DE TRABAJO,"8,215.25",Gasto Corriente,Indumentaria,Tarjeta Crédito,,,,,,,,,,,,,,,,
18/02/2026,,PERFUMERIA PIGMENTO (Cuota 7/24) PERFUMES BLUE SEDUCTION ANTONIO BANDERA,"4,478.41",Gasto Corriente,Cuidado Personal,Tarjeta Crédito,,,,,,,,,,,,,,,,
18/02/2026,,MERPAGO*2PRODUCTOS (Cuota 6/6) Valija Carry on. Samsonite Fiero 3.0,"31,900.00",Gasto Corriente,Salidas y Viajes,Tarjeta Crédito,,,,,,,,,,,,,,,,
18/02/2026,,MERPAGO*2PRODUCTOS (Cuota 6/6) PEGASUS 40,"26,833.17",Gasto Corriente,Indumentaria,Tarjeta Crédito,,,,,,,,,,,,,,,,
18/02/2026,,NSS*R.D ROPA DEPORTIVA (Cuota 6/6) Pantalones largos deportivos,"20,416.66",Gasto Corriente,Indumentaria,Tarjeta Crédito,,,,,,,,,,,,,,,,
18/02/2026,,MERPAGO*MERCADOLIBRE (Cuota 3/3),"32,999.33",Gasto Corriente,Indumentaria,Tarjeta Crédito,,,,,,,,,,,,,,,,
18/02/2026,,3 ARROYOS TAJ (Cuota 3/3) Pasaje Bahia Blanca,"9,840.00",Gasto Corriente,Salidas y Viajes,Tarjeta Crédito,,,,,,,,,,,,,,,,
18/02/2026,,MERPAGO*PASAJESPLU (Cuota 3/6) Pasaje Bahia Blanca,"7,950.00",Gasto Corriente,Salidas y Viajes,Tarjeta Crédito,,,,,,,,,,,,,,,,
18/02/2026,,Heladeria Alpinos 1/2 kilo,"12,000.00",Gasto Corriente,Salidas y Viajes,Tarjeta Crédito,,,,,,,,,,,,,,,,
18/02/2026,,Camuzzi instalación medidor,"265,870.25",Obra/Estructura,Instalaciones,Tarjeta Crédito,,,,,,,,,,,,,,,,
18/02/2026,,Seguro de incendio,"9,350.88",Gasto Corriente,Vivienda: Mantenimiento,Tarjeta Crédito,,,,,,,,,,,,,,,,
18/02/2026,,Seguro de la moto,"3,220.89",Gasto Corriente,Moto: Mantenimiento,Tarjeta Crédito,,,,,,,,,,,,,,,,
18/02/2026,,Impuesto municipal Urbanos Pueyrredon 198,"33,717.00",Gasto Corriente,Vivienda: Mantenimiento,Tarjeta Crédito,,,,,,,,,,,,,,,,
18/02/2026,,Impuesto municipal Urbanos Falucho 901,"37,258.00",Gasto Corriente,Aporte Familiar,Tarjeta Crédito,,,,,,,,,,,,,,,,
18/02/2026,,Impuesto municipal Urbanos Falucho 925,"33,837.00",Gasto Corriente,Aporte Familiar,Tarjeta Crédito,,,,,,,,,,,,,,,,
18/02/2026,,TOMATES Y ZANAHORIA,"4,350.00",Gasto Corriente,Comida,Tarjeta Crédito,,,,,,,,,,,,,,,,
18/02/2026,,CARNE PICADA,"13,065.00",Gasto Corriente,Comida,Tarjeta Crédito,,,,,,,,,,,,,,,,
18/02/2026,,ZURICH INTERNA0000002941088-,"436,683.63",Ahorro/Inversiones,Seguro de retiro,Tarjeta Crédito,,,,,,,,,,,,,,,,
18/02/2026,,YPF LAVALLE,"42,000.00",Gasto Corriente,Vehiculo: Consumo,Tarjeta Crédito,,,,,,,,,,,,,,,,
18/02/2026,,VEA SM 704 MODO,890.00,Gasto Corriente,Salidas y Viajes,Tarjeta Crédito,,,,,,,,,,,,,,,,
18/02/2026,,MERPAGO*POLLOFRITO,"18,500.00",Gasto Corriente,Salidas y Viajes,Tarjeta Crédito,,,,,,,,,,,,,,,,
18/02/2026,,IMPUESTO DE SELLOS BNA,"22,269.73",Gasto Corriente,Gastos Bancarios,Tarjeta Crédito,,,,,,,,,,,,,,,,
19/02/2026,,Dos sanguches camino a cañon del atuel,"24,000.00",Gasto Corriente,Salidas y Viajes,Transferencia,,,,,,,,,,,,,,,,
19/02/2026,,Fruta 3 bananas y 2 naranjas,"2,400.00",Gasto Corriente,Salidas y Viajes,Transferencia,,,,,,,,,,,,,,,,
20/02/2026,,Entrada a bodega + Almuerzo,"44,000.00",Gasto Corriente,Salidas y Viajes,Efectivo,,,,,,,,,,,,,,,,
21/02/2026,,Pasaje Mendoza Cacheuta,"5,000.00",Gasto Corriente,Salidas y Viajes,Efectivo,,,,,,,,,,,,,,,,
22/02/2026,,Uber en Mendoza desde el hotel al aeropuerto,"8,404.00",Gasto Corriente,Salidas y Viajes,Transferencia,,,,,,,,,,,,,,,,
22/02/2026,,Linea 8. Desde aeroparque a caballito,835.71,Gasto Corriente,Salidas y Viajes,Transferencia,,,,,,,,,,,,,,,,
22/02/2026,,Linea 1. Desde caballito a liniers,593.70,Gasto Corriente,Salidas y Viajes,Transferencia,,,,,,,,,,,,,,,,
23/02/2026,,Futbol,"4,500.00",Gasto Corriente,Bienestar/Deportes,Efectivo,,,,,,,,,,,,,,,,
26/02/2026,,Futbol,"4,500.00",Gasto Corriente,Bienestar/Deportes,Efectivo,,,,,,,,,,,,,,,,
26/02/2026,,Arreglo pinchadura bicicleta,"4,000.00",Gasto Corriente,Transporte,Efectivo,,,,,,,,,,,,,,,,
26/02/2026,,SERV. U OTROS CONCEPTOS CPS,"4,582.49",Gasto Corriente,Seguridad Social / Aportes,Recibo de Sueldo,,,,,,,,,,,,,,,,
26/02/2026,,Cuota prestamos,"45,851.60",Gasto Corriente,Préstamos y Financiación,Recibo de Sueldo,,,,,,,,,,,,,,,,
26/02/2026,,Nacion Retiro Aporte Ordinario,"37,094.75",Ahorro/Inversiones,Seguro de retiro,Recibo de Sueldo,,,,,,,,,,,,,,,,
03/03/2026,,Bateria M22ED Moura 12-50 AH Alta,"167,000.00",Gasto Corriente,Vehiculo: Mantenimiento,Tarjeta Débito,,,,,,,,,,,,,,,,
04/03/2026,,MOCHILA MATERA REGALO LUDMILA (Cuota 2/3),"11,881.00",Gasto Corriente,Donacion/regalos,Tarjeta Crédito,,,,,,,,,,,,,,,,
04/03/2026,,"Candado inomax 40mm aleacion reforzada, 4 digitos (Cuota 1/3)","2,797.54",Gasto Corriente,Salidas y Viajes,Tarjeta Crédito,,,,,,,,,,,,,,,,
04/03/2026,,Adaptador triple enchufe multinorma blanco 3 tomas tc pc ps5 (Cuota 1/3),"1,176.68",Gasto Corriente,Salidas y Viajes,Tarjeta Crédito,,,,,,,,,,,,,,,,
04/03/2026,,Protector solar cavihaue pediatrico fps 70+ 90 gramos (Cuota 1/3),"7,273.80",Gasto Corriente,Cuidado Personal,Tarjeta Crédito,,,,,,,,,,,,,,,,
04/03/2026,,Repuesto de jabón liquido infantil natura mamá y bebé de cabeza a los pies 200 ml (Cuota 1/3),"2,146.59",Gasto Corriente,Cuidado Personal,Tarjeta Crédito,,,,,,,,,,,,,,,,
04/03/2026,,Atomizador de perfume para viaje negro (Cuota 1/3),"3,951.91",Gasto Corriente,Salidas y Viajes,Tarjeta Crédito,,,,,,,,,,,,,,,,
04/03/2026,,Desodorante antitranspirante roll-on kaiak urbe 48hs natura (Cuota 1/3),"1,827.59",Gasto Corriente,Cuidado Personal,Tarjeta Crédito,,,,,,,,,,,,,,,,
04/03/2026,,Toallon magico microfibra secado rapido 140x70 cm (Cuota 1/3),"2,229.46",Gasto Corriente,Salidas y Viajes,Tarjeta Crédito,,,,,,,,,,,,,,,,
04/03/2026,,Organizador neceser de viaje con percha portacosmeticos mujer plegable impermeable (Cuota 1/3),"2,923.81",Gasto Corriente,Salidas y Viajes,Tarjeta Crédito,,,,,,,,,,,,,,,,
04/03/2026,,Tapones para oidos zertec reduccion ruido protector auditivo (Cuota 1/3),"5,615.65",Gasto Corriente,Salidas y Viajes,Tarjeta Crédito,,,,,,,,,,,,,,,,
04/03/2026,,Set botellas recargables de plastico lookmy envases recargables para cremas y liquidos (Cuota 1/3),"1,862.48",Gasto Corriente,Salidas y Viajes,Tarjeta Crédito,,,,,,,,,,,,,,,,
04/03/2026,,Impuesto sellos Mercado Pago,524.24,Gasto Corriente,Gastos Bancarios,Tarjeta Crédito,,,,,,,,,,,,,,,,
08/03/2026,,Ofrenda misionera escuela chad,"4,000.00",Gasto Corriente,Donacion/regalos,Transferencia,,,,,,,,,,,,,,,,
08/03/2026,,Ofrenda CDD,600.00,Gasto Corriente,Donacion/regalos,Efectivo,,,,,,,,,,,,,,,,
09/03/2026,,Cuota prestamos ICBC,"83,333.45",Gasto Corriente,Préstamos y Financiación,Debito en cuenta,,,,,,,,,,,,,,,,
09/03/2026,,Futbol,"4,500.00",Gasto Corriente,Bienestar/Deportes,Efectivo,,,,,,,,,,,,,,,,
09/03/2026,,Regalo pastores,"5,000.00",Gasto Corriente,Donacion/regalos,Transferencia,,,,,,,,,,,,,,,,
10/03/2026,,Mueble cocina,"1,000,000.00",Obra/Estructura,Mobiliario Fijo y Equipamiento,Transferencia,,,,,,,,,,,,,,,,
11/03/2026,,Cuota prestamo hipotecario,"17,910.31",Gasto Corriente,Préstamos y Financiación,Debito en cuenta,,,,,,,,,,,,,,,,
14/03/2026,,Ofrenda CDD,500.00,Gasto Corriente,Donacion/regalos,Efectivo,,,,,,,,,,,,,,,,
18/03/2026,,Corralón Alemani (Cuota 11/12),"11,947.52",Obra/Estructura,Materiales,Tarjeta Crédito,,,,,,,,,,,,,,,,
18/03/2026,,NSS*COLORSHOP (Cuota 9/12) PINTURA INTERIOR CASA,"31,195.52",Obra/Estructura,Materiales,Tarjeta Crédito,,,,,,,,,,,,,,,,
18/03/2026,,SIMPLICITY TRES ARRO (Cuota 10/12),"1,207.50",Gasto Corriente,Cuidado Personal,Tarjeta Crédito,,,,,,,,,,,,,,,,
18/03/2026,,WWWDIGITALSPORTCOMAR (Cuota 9/9),"19,888.77",Gasto Corriente,Indumentaria,Tarjeta Crédito,,,,,,,,,,,,,,,,
18/03/2026,,COOP OBRERA HOGAR (Cuota 7/12) RECORTADORA DE BARBA,"2,449.91",Gasto Corriente,Cuidado Personal,Tarjeta Crédito,,,,,,,,,,,,,,,,
18/03/2026,,MACOWENS (Cuota 6/12) ROPA DE TRABAJO,"8,215.25",Gasto Corriente,Indumentaria,Tarjeta Crédito,,,,,,,,,,,,,,,,
18/03/2026,,PERFUMERIA PIGMENTO (Cuota 6/24) PERFUMES BLUE SEDUCTION ANTONIO BANDERA,"4,478.41",Gasto Corriente,Cuidado Personal,Tarjeta Crédito,,,,,,,,,,,,,,,,
18/03/2026,,YPF LAVALLE,"41,052.96",Gasto Corriente,Vehiculo: Consumo,Tarjeta Crédito,,,,,,,,,,,,,,,,
18/03/2026,,Camuzzi,709.82,Gasto Corriente,Vivienda: Mantenimiento,Tarjeta Crédito,,,,,,,,,,,,,,,,
18/03/2026,,Seguro de incendio,"4,675.46",Gasto Corriente,Vivienda: Mantenimiento,Tarjeta Crédito,,,,,,,,,,,,,,,,
18/03/2026,,Seguro de la moto,"3,220.59",Gasto Corriente,Moto: Mantenimiento,Tarjeta Crédito,,,,,,,,,,,,,,,,
18/03/2026,,Impuesto municipal sanitarios Falucho 901,"14,890.00",Gasto Corriente,Aporte Familiar,Tarjeta Crédito,,,,,,,,,,,,,,,,
18/03/2026,,Impuesto municipal Urbanos Falucho 901,"37,258.00",Gasto Corriente,Aporte Familiar,Tarjeta Crédito,,,,,,,,,,,,,,,,
18/03/2026,,Impuesto municipal Urbanos Falucho 901,"33,837.00",Gasto Corriente,Aporte Familiar,Tarjeta Crédito,,,,,,,,,,,,,,,,
18/03/2026,,Impuesto municipal sanitarios Falucho 901,"9,017.00",Gasto Corriente,Aporte Familiar,Tarjeta Crédito,,,,,,,,,,,,,,,,
18/03/2026,,Impuesto municipal Sanitarios Pueyrredon 198,"18,034.00",Gasto Corriente,Vivienda: Mantenimiento,Tarjeta Crédito,,,,,,,,,,,,,,,,
18/03/2026,,Impuesto municipal Urbanos Pueyrredon 198,"33,717.00",Gasto Corriente,Vivienda: Mantenimiento,Tarjeta Crédito,,,,,,,,,,,,,,,,
18/03/2026,,NACION SEGUROS,"18,483.78",Gasto Corriente,Vehiculo: Mantenimiento,Tarjeta Crédito,,,,,,,,,,,,,,,,
18/03/2026,,3 ARROYOS TAJ (Cuota 1/3) Pasaje CABA,"24,000.00",Gasto Corriente,Salidas y Viajes,Tarjeta Crédito,,,,,,,,,,,,,,,,
18/03/2026,,Cooperativa Obrera,"17,842.70",Gasto Corriente,Comida,Tarjeta Crédito,,,,,,,,,,,,,,,,
18/03/2026,,ARBA,"9,680.20",Gasto Corriente,Aporte Familiar,Tarjeta Crédito,,,,,,,,,,,,,,,,
18/03/2026,,ARBA,"5,277.20",Gasto Corriente,Vivienda: Mantenimiento,Tarjeta Crédito,,,,,,,,,,,,,,,,
18/03/2026,,ARBA,"12,663.90",Gasto Corriente,Aporte Familiar,Tarjeta Crédito,,,,,,,,,,,,,,,,
18/03/2026,,Carniceria La Tabita,"8,448.00",Gasto Corriente,Comida,Tarjeta Crédito,,,,,,,,,,,,,,,,
18/03/2026,,Andesmar Mendoza a Potrerillos (Cuota 1/3),"4,413.34",Gasto Corriente,Salidas y Viajes,Tarjeta Crédito,,,,,,,,,,,,,,,,
18/03/2026,,Andesmar Mendoza a Cacheuta (Cuota 1/3),"3,500.00",Gasto Corriente,Salidas y Viajes,Tarjeta Crédito,,,,,,,,,,,,,,,,
18/03/2026,,Termas de cacheuta,"160,000.00",Gasto Corriente,Salidas y Viajes,Tarjeta Crédito,,,,,,,,,,,,,,,,
18/03/2026,,Uber desde caballito a Aeroparque,"30,872.00",Gasto Corriente,Salidas y Viajes,Tarjeta Crédito,,,,,,,,,,,,,,,,
18/03/2026,,Desde Aeropuerto mendoza al Hostes windmill,"15,137.00",Gasto Corriente,Salidas y Viajes,Tarjeta Crédito,,,,,,,,,,,,,,,,
18/03/2026,,Bloxmax,"20,519.74",Gasto Corriente,Comida,Tarjeta Crédito,,,,,,,,,,,,,,,,
18/03/2026,,Vino Bodega Corbel,"16,900.00",Gasto Corriente,Donacion/regalos,Tarjeta Crédito,,,,,,,,,,,,,,,,
18/03/2026,,Market Las Heras,"7,927.00",Gasto Corriente,Comida,Tarjeta Crédito,,,,,,,,,,,,,,,,
18/03/2026,,Aguifarma (Cuota 1/3),"1,912.00",Gasto Corriente,Cuidado Personal,Tarjeta Crédito,,,,,,,,,,,,,,,,
18/03/2026,,Kiosco agua y masitas,"10,380.00",Gasto Corriente,Comida,Tarjeta Crédito,,,,,,,,,,,,,,,,
18/03/2026,,Camcas agua y masitas,"6,500.00",Gasto Corriente,Comida,Tarjeta Crédito,,,,,,,,,,,,,,,,
18/03/2026,,La cueva de inca aceite de oliva y llavero,"14,000.00",Gasto Corriente,Donacion/regalos,Tarjeta Crédito,,,,,,,,,,,,,,,,
18/03/2026,,Express av vicenta zapata,"20,066.00",Gasto Corriente,Comida,Tarjeta Crédito,,,,,,,,,,,,,,,,
18/03/2026,,ZURICH INTERNA0000002941088-,"436,686.63",Ahorro/Inversiones,Seguro de retiro,Tarjeta Crédito,,,,,,,,,,,,,,,,
18/03/2026,,Carrefour agua,"5,205.00",Gasto Corriente,Comida,Tarjeta Crédito,,,,,,,,,,,,,,,,
18/03/2026,,Termas de cacheuta agua de 500ml,"2,500.00",Gasto Corriente,Salidas y Viajes,Tarjeta Crédito,,,,,,,,,,,,,,,,
18/03/2026,,IMPUESTO DE SELLOS BNA,"16,054.34",Gasto Corriente,Gastos Bancarios,Tarjeta Crédito,,,,,,,,,,,,,,,,
18/03/2026,,Futbol,"5,000.00",Gasto Corriente,Bienestar/Deportes,Transferencia,,,,,,,,,,,,,,,,
23/03/2026,,Futbol,"5,000.00",Gasto Corriente,Bienestar/Deportes,Transferencia,,,,,,,,,,,,,,,,
24/03/2026,,Merienda,"21,400.00",Gasto Corriente,Salidas y Viajes,Transferencia,,,,,,,,,,,,,,,,
24/03/2026,,Calentar agua caliente para el mate,500.00,Gasto Corriente,Salidas y Viajes,Transferencia,,,,,,,,,,,,,,,,
27/03/2026,,Factura claro pay celular descuento del 15% por pagar por la app claro pay,"11,621.63",Gasto Corriente,Telefonia movil,Transferencia,,,,,,,,,,,,,,,,
27/03/2026,,SERV. U OTROS CONCEPTOS CPS,"4,571.07",Gasto Corriente,Seguridad Social / Aportes,Recibo de Sueldo,,,,,,,,,,,,,,,,
27/03/2026,,Cuota prestamos,"45,851.60",Gasto Corriente,Préstamos y Financiación,Recibo de Sueldo,,,,,,,,,,,,,,,,
27/03/2026,,Cuota prestamo hipotecario,"17,910.31",Gasto Corriente,Préstamos y Financiación,Recibo de Sueldo,,,,,,,,,,,,,,,,
27/03/2026,,Nacion Retiro Aporte Ordinario,"62,243.48",Ahorro/Inversiones,Seguro de retiro,Recibo de Sueldo,,,,,,,,,,,,,,,,
29/03/2026,,Ofrenda CDD,"1,000.00",Gasto Corriente,Donacion/regalos,Efectivo,,,,,,,,,,,,,,,,
02/04/2026,,Peluqueria,"8,000.00",Gasto Corriente,Cuidado Personal,Transferencia,,,,,,,,,,,,,,,,
02/04/2026,,Arreglo pinchadura bicicleta - cambio de camara,"20,000.00",Gasto Corriente,Transporte,Efectivo,,,,,,,,,,,,,,,,
04/04/2026,,IETE Evangelios sinopticos,"29,230.00",Educación/Formación,Formación espiritual,Transferencia,,,,,,,,,,,,,,,,
05/04/2026,,Ofrenda CDD,"1,100.00",Gasto Corriente,Donacion/regalos,Efectivo,,,,,,,,,,,,,,,,
06/04/2026,,MOCHILA MATERA REGALO LUDMILA (Cuota 3/3),"11,881.00",Gasto Corriente,Donacion/regalos,Tarjeta Crédito,,,,,,,,,,,,,,,,
06/04/2026,,"Candado inomax 40mm aleacion reforzada, 4 digitos (Cuota 2/3)","2,797.54",Gasto Corriente,Salidas y Viajes,Tarjeta Crédito,,,,,,,,,,,,,,,,
06/04/2026,,Adaptador triple enchufe multinorma blanco 3 tomas tc pc ps5 (Cuota 2/3),"1,176.68",Gasto Corriente,Salidas y Viajes,Tarjeta Crédito,,,,,,,,,,,,,,,,
06/04/2026,,Protector solar cavihaue pediatrico fps 70+ 90 gramos (Cuota 2/3),"7,273.80",Gasto Corriente,Cuidado Personal,Tarjeta Crédito,,,,,,,,,,,,,,,,
06/04/2026,,Repuesto de jabón liquido infantil natura mamá y bebé de cabeza a los pies 200 ml (Cuota 2/3),"2,146.59",Gasto Corriente,Cuidado Personal,Tarjeta Crédito,,,,,,,,,,,,,,,,
06/04/2026,,Atomizador de perfume para viaje negro (Cuota 2/3),"3,951.91",Gasto Corriente,Salidas y Viajes,Tarjeta Crédito,,,,,,,,,,,,,,,,
06/04/2026,,Desodorante antitranspirante roll-on kaiak urbe 48hs natura (Cuota 2/3),"1,827.59",Gasto Corriente,Cuidado Personal,Tarjeta Crédito,,,,,,,,,,,,,,,,
06/04/2026,,Toallon magico microfibra secado rapido 140x70 cm (Cuota 2/3),"2,229.46",Gasto Corriente,Salidas y Viajes,Tarjeta Crédito,,,,,,,,,,,,,,,,
06/04/2026,,Organizador neceser de viaje con percha portacosmeticos mujer plegable impermeable (Cuota 2/3),"2,923.81",Gasto Corriente,Salidas y Viajes,Tarjeta Crédito,,,,,,,,,,,,,,,,
06/04/2026,,Tapones para oidos zertec reduccion ruido protector auditivo (Cuota 2/3),"5,615.65",Gasto Corriente,Salidas y Viajes,Tarjeta Crédito,,,,,,,,,,,,,,,,
06/04/2026,,Set botellas recargables de plastico lookmy envases recargables para cremas y liquidos (Cuota 2/3),"1,862.48",Gasto Corriente,Salidas y Viajes,Tarjeta Crédito,,,,,,,,,,,,,,,,
06/04/2026,,Impuesto sellos Mercado Pago,524.24,Gasto Corriente,Gastos Bancarios,Tarjeta Crédito,,,,,,,,,,,,,,,,
07/04/2026,,Gomitas,"1,500.00",Gasto Corriente,Salidas y Viajes,Efectivo,,,,,,,,,,,,,,,,
09/04/2026,,Cuota prestamos ICBC,"83,333.45",Gasto Corriente,Préstamos y Financiación,Debito en cuenta,,,,,,,,,,,,,,,,
09/04/2026,,GIMNASIO,"40,000.00",Gasto Corriente,Bienestar/Deportes,Transferencia,,,,,,,,,,,,,,,,
10/04/2026,,Curso de masajes (Cuota 1 de 6),"57,000.00",Educación/Formación,Oficio,Transferencia,,,,,,,,,,,,,,,,
14/04/2026,,Materiales alemani,"343,202.08",Obra/Estructura,Materiales,Transferencia,,,,,,,,,,,,,,,,
15/04/2026,,Altura - cables y 5 tapas ciegas,"15,800.00",Obra/Estructura,Materiales,Transferencia,,,,,,,,,,,,,,,,
15/04/2026,,Futbol,"5,000.00",Gasto Corriente,Bienestar/Deportes,Efectivo,,,,,,,,,,,,,,,,
21/04/2026,,Recubrir escalones escalera con PVC 50%,"1,050,000.00",Obra/Estructura,Materiales,Transferencia,,,,,,,,,,,,,,,,
22/04/2026,,Corralón Alemani (Cuota 12/12),"11,947.52",Obra/Estructura,Materiales,Tarjeta Crédito,,,,,,,,,,,,,,,,
22/04/2026,,NSS*COLORSHOP (Cuota 12/12) PINTURA INTERIOR CASA,"31,195.52",Obra/Estructura,Materiales,Tarjeta Crédito,,,,,,,,,,,,,,,,
22/04/2026,,SIMPLICITY TRES ARRO (Cuota 11/12),"1,207.50",Gasto Corriente,Cuidado Personal,Tarjeta Crédito,,,,,,,,,,,,,,,,
22/04/2026,,COOP OBRERA HOGAR (Cuota 10/12) RECORTADORA DE BARBA,"2,449.91",Gasto Corriente,Cuidado Personal,Tarjeta Crédito,,,,,,,,,,,,,,,,
22/04/2026,,MACOWENS (Cuota 9/12) ROPA DE TRABAJO,"8,215.25",Gasto Corriente,Indumentaria,Tarjeta Crédito,,,,,,,,,,,,,,,,
22/04/2026,,PERFUMERIA PIGMENTO (Cuota 9/24) PERFUMES BLUE SEDUCTION ANTONIO BANDERA,"4,478.41",Gasto Corriente,Cuidado Personal,Tarjeta Crédito,,,,,,,,,,,,,,,,
22/04/2026,,3 ARROYOS TAJ (Cuota 2/3) Pasaje CABA,"24,000.00",Gasto Corriente,Salidas y Viajes,Tarjeta Crédito,,,,,,,,,,,,,,,,
22/04/2026,,Andesmar Mendoza a Potrerillos (Cuota 2/3),"4,413.34",Gasto Corriente,Salidas y Viajes,Tarjeta Crédito,,,,,,,,,,,,,,,,
22/04/2026,,Andesmar Mendoza a Cacheuta (Cuota 2/3),"3,500.00",Gasto Corriente,Salidas y Viajes,Tarjeta Crédito,,,,,,,,,,,,,,,,
22/04/2026,,Aguifarma (Cuota /3),"1,912.00",Gasto Corriente,Cuidado Personal,Tarjeta Crédito,,,,,,,,,,,,,,,,
22/04/2026,,Impuesto municipal sanitarios Falucho 901,"7,848.00",Gasto Corriente,Aporte Familiar,Tarjeta Crédito,,,,,,,,,,,,,,,,
22/04/2026,,Impuesto municipal Urbanos Falucho 901,"38,862.00",Gasto Corriente,Aporte Familiar,Tarjeta Crédito,,,,,,,,,,,,,,,,
22/04/2026,,Impuesto municipal Urbanos Falucho 925,"35,294.00",Gasto Corriente,Aporte Familiar,Tarjeta Crédito,,,,,,,,,,,,,,,,
22/04/2026,,Impuesto municipal sanitarios Falucho 925,"7,848.00",Gasto Corriente,Aporte Familiar,Tarjeta Crédito,,,,,,,,,,,,,,,,
22/04/2026,,Impuesto municipal Sanitarios Pueyrredon 198,"15,696.00",Gasto Corriente,Vivienda: Mantenimiento,Tarjeta Crédito,,,,,,,,,,,,,,,,
22/04/2026,,Impuesto municipal Urbanos Pueyrredon 198,"35,169.00",Gasto Corriente,Vivienda: Mantenimiento,Tarjeta Crédito,,,,,,,,,,,,,,,,
22/04/2026,,Impuesto automotor municipal FRL 063,"20,995.00",Gasto Corriente,Aporte Familiar,Tarjeta Crédito,,,,,,,,,,,,,,,,
22/04/2026,,Amazon,"44,548.00",Gasto Corriente,Indumentaria,Tarjeta Crédito,,,,,,,,,,,,,,,,
22/04/2026,,Amazon,"66,332.00",Gasto Corriente,Indumentaria,Tarjeta Crédito,,,,,,,,,,,,,,,,
22/04/2026,,Seguro de incendio,"4,675.46",Gasto Corriente,Vivienda: Mantenimiento,Tarjeta Crédito,,,,,,,,,,,,,,,,
22/04/2026,,Camuzzi,"3,303.56",Gasto Corriente,Vivienda: Mantenimiento,Tarjeta Crédito,,,,,,,,,,,,,,,,
22/04/2026,,Amazon,"62,118.00",Gasto Corriente,Indumentaria,Tarjeta Crédito,,,,,,,,,,,,,,,,
22/04/2026,,Amazon,"98,938.00",Gasto Corriente,Indumentaria,Tarjeta Crédito,,,,,,,,,,,,,,,,
22/04/2026,,ZURICH INTERNA0000002941088-,"436,683.63",Ahorro/Inversiones,Seguro de retiro,Tarjeta Crédito,,,,,,,,,,,,,,,,
22/04/2026,,Seguro del auto NACION SEGUROS,"19,198.07",Gasto Corriente,Vehiculo: Mantenimiento,Tarjeta Crédito,,,,,,,,,,,,,,,,
22/04/2026,,YPF LAVALLE,"50,000.00",Gasto Corriente,Vehiculo: Consumo,Tarjeta Crédito,,,,,,,,,,,,,,,,
22/04/2026,,Amazon,"52,514.00",Gasto Corriente,Indumentaria,Tarjeta Crédito,,,,,,,,,,,,,,,,
22/04/2026,,Amazon,"29,778.00",Gasto Corriente,Indumentaria,Tarjeta Crédito,,,,,,,,,,,,,,,,
22/04/2026,,Amazon,"10,822.00",Gasto Corriente,Indumentaria,Tarjeta Crédito,,,,,,,,,,,,,,,,
22/04/2026,,IMPUESTO DE SELLOS BNA,"22,672.06",Gasto Corriente,Gastos Bancarios,Tarjeta Crédito,,,,,,,,,,,,,,,,
24/04/2026,,Factura claro pay celular descuento del 15% por pagar por la app claro pay,"12,072.97",Gasto Corriente,Telefonia movil,Transferencia,,,,,,,,,,,,,,,,
24/04/2026,,Partido Basquet Final torneo ciudad Huracan vs Argentino Junior Polideportivo,"6,000.00",Gasto Corriente,Salidas y Viajes,Transferencia,,,,,,,,,,,,,,,,
25/04/2026,,7 Facturas YPF,"8,700.00",Gasto Corriente,Salidas y Viajes,Tarjeta Débito,,,,,,,,,,,,,,,,
25/04/2026,,Cena Bondiola JCD,"2,800.00",Gasto Corriente,Salidas y Viajes,Transferencia,,,,,,,,,,,,,,,,
28/04/2026,,SERV. U OTROS CONCEPTOS CPS,"4,559.66",Gasto Corriente,Seguridad Social / Aportes,Recibo de Sueldo,,,,,,,,,,,,,,,,
28/04/2026,,Cuota prestamos,"45,851.61",Gasto Corriente,Préstamos y Financiación,Recibo de Sueldo,,,,,,,,,,,,,,,,
28/04/2026,,Cuota prestamo hipotecario,"17,910.31",Gasto Corriente,Préstamos y Financiación,Recibo de Sueldo,,,,,,,,,,,,,,,,
28/04/2026,,Nacion Retiro Aporte Ordinario,"61,964.76",Ahorro/Inversiones,Seguro de retiro,Recibo de Sueldo,,,,,,,,,,,,,,,,
30/04/2026,20:13:40,Plomeria Chacabuco,"127,600.00",Obra/Estructura,Materiales,Efectivo,1416,90.11299435,,,,,,,,,,,,,,
04/05/2026,,"Candado inomax 40mm aleacion reforzada, 4 digitos (Cuota 3/3)","2,797.54",Gasto Corriente,Salidas y Viajes,Tarjeta Crédito,,,,,,,,,,,,,,,,
04/05/2026,,Adaptador triple enchufe multinorma blanco 3 tomas tc pc ps5 (Cuota 3/3),"1,176.68",Gasto Corriente,Salidas y Viajes,Tarjeta Crédito,,,,,,,,,,,,,,,,
04/05/2026,,Protector solar cavihaue pediatrico fps 70+ 90 gramos (Cuota 3/3),"7,273.80",Gasto Corriente,Cuidado Personal,Tarjeta Crédito,,,,,,,,,,,,,,,,
04/05/2026,,Repuesto de jabón liquido infantil natura mamá y bebé de cabeza a los pies 200 ml (Cuota 3/3),"2,146.59",Gasto Corriente,Cuidado Personal,Tarjeta Crédito,,,,,,,,,,,,,,,,
04/05/2026,,Atomizador de perfume para viaje negro (Cuota 3/3),"3,951.91",Gasto Corriente,Salidas y Viajes,Tarjeta Crédito,,,,,,,,,,,,,,,,
04/05/2026,,Desodorante antitranspirante roll-on kaiak urbe 48hs natura (Cuota 3/3),"1,827.59",Gasto Corriente,Cuidado Personal,Tarjeta Crédito,,,,,,,,,,,,,,,,
04/05/2026,,Toallon magico microfibra secado rapido 140x70 cm (Cuota 3/3),"2,229.46",Gasto Corriente,Salidas y Viajes,Tarjeta Crédito,,,,,,,,,,,,,,,,
04/05/2026,,Organizador neceser de viaje con percha portacosmeticos mujer plegable impermeable (Cuota 3/3),"2,923.81",Gasto Corriente,Salidas y Viajes,Tarjeta Crédito,,,,,,,,,,,,,,,,
04/05/2026,,Tapones para oidos zertec reduccion ruido protector auditivo (Cuota 3/3),"5,615.65",Gasto Corriente,Salidas y Viajes,Tarjeta Crédito,,,,,,,,,,,,,,,,
04/05/2026,,Set botellas recargables de plastico lookmy envases recargables para cremas y liquidos (Cuota 3/3),"1,862.48",Gasto Corriente,Salidas y Viajes,Tarjeta Crédito,,,,,,,,,,,,,,,,
04/05/2026,,PANEL PLAFON LED PHILIPS EMBUTIR REDONDO 18W LUZ DIA BLANCO X3 (Cuota 1/3),"12,600.00",Obra/Estructura,Mobiliario Fijo y Equipamiento,Tarjeta Crédito,,,,,,,,,,,,,,,,
04/05/2026,,PANEL PLAFON LED PHILIPS EMBUTIR CUADRO 12W LUZ DIA BLANCO X2 (Cuota 1/3),"7,332.67",Obra/Estructura,Mobiliario Fijo y Equipamiento,Tarjeta Crédito,,,,,,,,,,,,,,,,
04/05/2026,,SPOT EMBUTIR MOVIL DICRO LED ZOCALO GU10 MACROLED (Cuota 1/3),"43,780.50",Obra/Estructura,Mobiliario Fijo y Equipamiento,Tarjeta Crédito,,,,,,,,,,,,,,,,
04/05/2026,,FERROLUX AP-102,"37,604.00",Obra/Estructura,Mobiliario Fijo y Equipamiento,Tarjeta Crédito,,,,,,,,,,,,,,,,
04/05/2026,,Lámpara Led Gu-10 Dicro Smart Rgb Wifi-bluetooth (Cuota 1/3),"29,933.58",Obra/Estructura,Mobiliario Fijo y Equipamiento,Tarjeta Crédito,,,,,,,,,,,,,,,,
04/05/2026,,Set x3 Tabla cocina Profesional Picar cortar (Cuota 1/3),"4,620.17",Equipamiento/Mobiliario,Bazar y Blanco,Tarjeta Crédito,,,,,,,,,,,,,,,,
04/05/2026,,Lámpara Led E27 Smart Rgb Wifi-bluetooth 8w (Cuota 1/3),"7,993.33",Obra/Estructura,Mobiliario Fijo y Equipamiento,Tarjeta Crédito,,,,,,,,,,,,,,,,
04/05/2026,,Pendrive Kingston Datatraveler Exodia Dtx764gb 3.2 gen color negro (Cuota 1/3),"6,666.67",Gasto Corriente,Donacion/regalos,Tarjeta Crédito,,,,,,,,,,,,,,,,
04/05/2026,,Mini perfumero portatil recargable premium 5ml atomizador (Cuota 1/3),"3,596.95",Gasto Corriente,Cuidado Personal,Tarjeta Crédito,,,,,,,,,,,,,,,,
04/05/2026,,Lampara Led Dicroica Sica Gu10 6w=50w luz fría X10u,"9,699.00",Obra/Estructura,Mobiliario Fijo y Equipamiento,Tarjeta Crédito,,,,,,,,,,,,,,,,
04/05/2026,,Perro conejo interactivo mascota sonidos mueve cola camina conejo rosa,"26,399.20",Gasto Corriente,Donacion/regalos,Tarjeta Crédito,,,,,,,,,,,,,,,,
04/05/2026,,YPF COMBUSTIBLE,"3,508.03",Gasto Corriente,Moto: Consumo,Tarjeta Crédito,,,,,,,,,,,,,,,,
04/05/2026,,Impuesto sellos Mercado Pago,"2,706.44",Gasto Corriente,Gastos Bancarios,Tarjeta Crédito,,,,,,,,,,,,,,,,
,,,,,,,,,,,,,,,,,,,,,,
,,,,,,,,,,,,,,,,,,,,,,
,,,,,,,,,,,,,,,,,,,,,,
,,,,,,,,,,,,,,,,,,,,,,
,,,,,,,,,,,,,,,,,,,,,,
,,,,,,,,,,,,,,,,,,,,,,
,,,,,,,,,,,,,,,,,,,,,,
,,,,,,,,,,,,,,,,,,,,,,
,,,,,,,,,,,,,,,,,,,,,,
,,,,,,,,,,,,,,,,,,,,,,
,,,,,,,,,,,,,,,,,,,,,,
,,,,,,,,,,,,,,,,,,,,,,
,,,,,,,,,,,,,,,,,,,,,,
,,,,,,,,,,,,,,,,,,,,,,
,,,,,,,,,,,,,,,,,,,,,,
,,,,,,,,,,,,,,,,,,,,,,
,,,,,,,,,,,,,,,,,,,,,,
,,,,,,,,,,,,,,,,,,,,,,
,,,,,,,,,,,,,,,,,,,,,,
,,,,,,,,,,,,,,,,,,,,,,
,,,,,,,,,,,,,,,,,,,,,,
,,,,,,,,,,,,,,,,,,,,,,
,,,,,,,,,,,,,,,,,,,,,,
,,,,,,,,,,,,,,,,,,,,,,
,,,,,,,,,,,,,,,,,,,,,,
,,,,,,,,,,,,,,,,,,,,,,
,,,,,,,,,,,,,,,,,,,,,,
,,,,,,,,,,,,,,,,,,,,,,
,,,,,,,,,,,,,,,,,,,,,,
,,,,,,,,,,,,,,,,,,,,,,
,,,,,,,,,,,,,,,,,,,,,,
,,,,,,,,,,,,,,,,,,,,,,
,,,,,,,,,,,,,,,,,,,,,,
,,,,,,,,,,,,,,,,,,,,,,
,,,,,,,,,,,,,,,,,,,,,,
,,,,,,,,,,,,,,,,,,,,,,
,,,,,,,,,,,,,,,,,,,,,,
,,,,,,,,,,,,,,,,,,,,,,
,,,,,,,,,,,,,,,,,,,,,,
,,,,,,,,,,,,,,,,,,,,,,
,,,,,,,,,,,,,,,,,,,,,,
,,,,,,,,,,,,,,,,,,,,,,
,,,,,,,,,,,,,,,,,,,,,,
,,,,,,,,,,,,,,,,,,,,,,
,,,,,,,,,,,,,,,,,,,,,,
,,,,,,,,,,,,,,,,,,,,,,
,,,,,,,,,,,,,,,,,,,,,,
,,,,,,,,,,,,,,,,,,,,,,
,,,,,,,,,,,,,,,,,,,,,,
,,,,,,,,,,,,,,,,,,,,,,
,,,,,,,,,,,,,,,,,,,,,,
,,,,,,,,,,,,,,,,,,,,,,
,,,,,,,,,,,,,,,,,,,,,,
,,,,,,,,,,,,,,,,,,,,,,
,,,,,,,,,,,,,,,,,,,,,,
,,,,,,,,,,,,,,,,,,,,,,
,,,,,,,,,,,,,,,,,,,,,,
,,,,,,,,,,,,,,,,,,,,,,
,,,,,,,,,,,,,,,,,,,,,,
,,,,,,,,,,,,,,,,,,,,,,
,,,,,,,,,,,,,,,,,,,,,,
,,,,,,,,,,,,,,,,,,,,,,
,,,,,,,,,,,,,,,,,,,,,,
,,,,,,,,,,,,,,,,,,,,,,
,,,,,,,,,,,,,,,,,,,,,,
,,,,,,,,,,,,,,,,,,,,,,
,,,,,,,,,,,,,,,,,,,,,,
,,,,,,,,,,,,,,,,,,,,,,
,,,,,,,,,,,,,,,,,,,,,,
,,,,,,,,,,,,,,,,,,,,,,
,,,,,,,,,,,,,,,,,,,,,,
,,,,,,,,,,,,,,,,,,,,,,
,,,,,,,,,,,,,,,,,,,,,,
,,,,,,,,,,,,,,,,,,,,,,
,,,,,,,,,,,,,,,,,,,,,,
,,,,,,,,,,,,,,,,,,,,,,
,,,,,,,,,,,,,,,,,,,,,,
,,,,,,,,,,,,,,,,,,,,,,
,,,,,,,,,,,,,,,,,,,,,,
,,,,,,,,,,,,,,,,,,,,,,
,,,,,,,,,,,,,,,,,,,,,,
,,,,,,,,,,,,,,,,,,,,,,
,,,,,,,,,,,,,,,,,,,,,,
,,,,,,,,,,,,,,,,,,,,,,
,,,,,,,,,,,,,,,,,,,,,,
,,,,,,,,,,,,,,,,,,,,,,
,,,,,,,,,,,,,,,,,,,,,,
,,,,,,,,,,,,,,,,,,,,,,
,,,,,,,,,,,,,,,,,,,,,,
,,,,,,,,,,,,,,,,,,,,,,
,,,,,,,,,,,,,,,,,,,,,,
,,,,,,,,,,,,,,,,,,,,,,
,,,,,,,,,,,,,,,,,,,,,,
,,,,,,,,,,,,,,,,,,,,,,
,,,,,,,,,,,,,,,,,,,,,,
,,,,,,,,,,,,,,,,,,,,,,
,,,,,,,,,,,,,,,,,,,,,,
,,,,,,,,,,,,,,,,,,,,,,
,,,,,,,,,,,,,,,,,,,,,,
,,,,,,,,,,,,,,,,,,,,,,
,,,,,,,,,,,,,,,,,,,,,,
,,,,,,,,,,,,,,,,,,,,,,
,,,,,,,,,,,,,,,,,,,,,,
,,,,,,,,,,,,,,,,,,,,,,
,,,,,,,,,,,,,,,,,,,,,,
,,,,,,,,,,,,,,,,,,,,,,
,,,,,,,,,,,,,,,,,,,,,,
,,,,,,,,,,,,,,,,,,,,,,
,,,,,,,,,,,,,,,,,,,,,,
,,,,,,,,,,,,,,,,,,,,,,
,,,,,,,,,,,,,,,,,,,,,,
,,,,,,,,,,,,,,,,,,,,,,
,,,,,,,,,,,,,,,,,,,,,,
,,,,,,,,,,,,,,,,,,,,,,
,,,,,,,,,,,,,,,,,,,,,,
,,,,,,,,,,,,,,,,,,,,,,
,,,,,,,,,,,,,,,,,,,,,,
,,,,,,,,,,,,,,,,,,,,,,
,,,,,,,,,,,,,,,,,,,,,,
,,,,,,,,,,,,,,,,,,,,,,
,,,,,,,,,,,,,,,,,,,,,,
,,,,,,,,,,,,,,,,,,,,,,
,,,,,,,,,,,,,,,,,,,,,,
,,,,,,,,,,,,,,,,,,,,,,
,,,,,,,,,,,,,,,,,,,,,,
,,,,,,,,,,,,,,,,,,,,,,
,,,,,,,,,,,,,,,,,,,,,,
,,,,,,,,,,,,,,,,,,,,,,
,,,,,,,,,,,,,,,,,,,,,,
,,,,,,,,,,,,,,,,,,,,,,
,,,,,,,,,,,,,,,,,,,,,,
,,,,,,,,,,,,,,,,,,,,,,
,,,,,,,,,,,,,,,,,,,,,,
,,,,,,,,,,,,,,,,,,,,,,
,,,,,,,,,,,,,,,,,,,,,,
,,,,,,,,,,,,,,,,,,,,,,
,,,,,,,,,,,,,,,,,,,,,,
,,,,,,,,,,,,,,,,,,,,,,
,,,,,,,,,,,,,,,,,,,,,,
,,,,,,,,,,,,,,,,,,,,,,
,,,,,,,,,,,,,,,,,,,,,,
,,,,,,,,,,,,,,,,,,,,,,
,,,,,,,,,,,,,,,,,,,,,,
,,,,,,,,,,,,,,,,,,,,,,
,,,,,,,,,,,,,,,,,,,,,,
,,,,,,,,,,,,,,,,,,,,,,
,,,,,,,,,,,,,,,,,,,,,,
,,,,,,,,,,,,,,,,,,,,,,
,,,,,,,,,,,,,,,,,,,,,,
,,,,,,,,,,,,,,,,,,,,,,
,,,,,,,,,,,,,,,,,,,,,,
,,,,,,,,,,,,,,,,,,,,,,
,,,,,,,,,,,,,,,,,,,,,,
,,,,,,,,,,,,,,,,,,,,,,
,,,,,,,,,,,,,,,,,,,,,,
,,,,,,,,,,,,,,,,,,,,,,
,,,,,,,,,,,,,,,,,,,,,,
,,,,,,,,,,,,,,,,,,,,,,
,,,,,,,,,,,,,,,,,,,,,,
,,,,,,,,,,,,,,,,,,,,,,
,,,,,,,,,,,,,,,,,,,,,,
,,,,,,,,,,,,,,,,,,,,,,
,,,,,,,,,,,,,,,,,,,,,,
,,,,,,,,,,,,,,,,,,,,,,
,,,,,,,,,,,,,,,,,,,,,,
,,,,,,,,,,,,,,,,,,,,,,
,,,,,,,,,,,,,,,,,,,,,,
,,,,,,,,,,,,,,,,,,,,,,
,,,,,,,,,,,,,,,,,,,,,,
,,,,,,,,,,,,,,,,,,,,,,
,,,,,,,,,,,,,,,,,,,,,,
,,,,,,,,,,,,,,,,,,,,,,
,,,,,,,,,,,,,,,,,,,,,,
,,,,,,,,,,,,,,,,,,,,,,
,,,,,,,,,,,,,,,,,,,,,,
,,,,,,,,,,,,,,,,,,,,,,
,,,,,,,,,,,,,,,,,,,,,,
,,,,,,,,,,,,,,,,,,,,,,
,,,,,,,,,,,,,,,,,,,,,,
,,,,,,,,,,,,,,,,,,,,,,
,,,,,,,,,,,,,,,,,,,,,,
,,,,,,,,,,,,,,,,,,,,,,
,,,,,,,,,,,,,,,,,,,,,,
,,,,,,,,,,,,,,,,,,,,,,
,,,,,,,,,,,,,,,,,,,,,,
,,,,,,,,,,,,,,,,,,,,,,
,,,,,,,,,,,,,,,,,,,,,,
,,,,,,,,,,,,,,,,,,,,,,
,,,,,,,,,,,,,,,,,,,,,,
,,,,,,,,,,,,,,,,,,,,,,
,,,,,,,,,,,,,,,,,,,,,,
,,,,,,,,,,,,,,,,,,,,,,
,,,,,,,,,,,,,,,,,,,,,,
,,,,,,,,,,,,,,,,,,,,,,
,,,,,,,,,,,,,,,,,,,,,,
,,,,,,,,,,,,,,,,,,,,,,
,,,,,,,,,,,,,,,,,,,,,,
,,,,,,,,,,,,,,,,,,,,,,
,,,,,,,,,,,,,,,,,,,,,,
,,,,,,,,,,,,,,,,,,,,,,
,,,,,,,,,,,,,,,,,,,,,,
,,,,,,,,,,,,,,,,,,,,,,
,,,,,,,,,,,,,,,,,,,,,,
,,,,,,,,,,,,,,,,,,,,,,
,,,,,,,,,,,,,,,,,,,,,,
,,,,,,,,,,,,,,,,,,,,,,
,,,,,,,,,,,,,,,,,,,,,,
,,,,,,,,,,,,,,,,,,,,,,
,,,,,,,,,,,,,,,,,,,,,,
,,,,,,,,,,,,,,,,,,,,,,
,,,,,,,,,,,,,,,,,,,,,,
,,,,,,,,,,,,,,,,,,,,,,
,,,,,,,,,,,,,,,,,,,,,,
,,,,,,,,,,,,,,,,,,,,,,
,,,,,,,,,,,,,,,,,,,,,,
,,,,,,,,,,,,,,,,,,,,,,
,,,,,,,,,,,,,,,,,,,,,,
,,,,,,,,,,,,,,,,,,,,,,
,,,,,,,,,,,,,,,,,,,,,,
,,,,,,,,,,,,,,,,,,,,,,
,,,,,,,,,,,,,,,,,,,,,,
,,,,,,,,,,,,,,,,,,,,,,
,,,,,,,,,,,,,,,,,,,,,,
,,,,,,,,,,,,,,,,,,,,,,
,,,,,,,,,,,,,,,,,,,,,,
,,,,,,,,,,,,,,,,,,,,,,
,,,,,,,,,,,,,,,,,,,,,,
,,,,,,,,,,,,,,,,,,,,,,
,,,,,,,,,,,,,,,,,,,,,,
,,,,,,,,,,,,,,,,,,,,,,
,,,,,,,,,,,,,,,,,,,,,,
,,,,,,,,,,,,,,,,,,,,,,
,,,,,,,,,,,,,,,,,,,,,,
,,,,,,,,,,,,,,,,,,,,,,
,,,,,,,,,,,,,,,,,,,,,,
,,,,,,,,,,,,,,,,,,,,,,
,,,,,,,,,,,,,,,,,,,,,,
,,,,,,,,,,,,,,,,,,,,,,
,,,,,,,,,,,,,,,,,,,,,,
,,,,,,,,,,,,,,,,,,,,,,
,,,,,,,,,,,,,,,,,,,,,,
,,,,,,,,,,,,,,,,,,,,,,
,,,,,,,,,,,,,,,,,,,,,,
,,,,,,,,,,,,,,,,,,,,,,
,,,,,,,,,,,,,,,,,,,,,,
,,,,,,,,,,,,,,,,,,,,,,
,,,,,,,,,,,,,,,,,,,,,,
,,,,,,,,,,,,,,,,,,,,,,
,,,,,,,,,,,,,,,,,,,,,,
,,,,,,,,,,,,,,,,,,,,,,
,,,,,,,,,,,,,,,,,,,,,,
,,,,,,,,,,,,,,,,,,,,,,
,,,,,,,,,,,,,,,,,,,,,,
,,,,,,,,,,,,,,,,,,,,,,
,,,,,,,,,,,,,,,,,,,,,,
,,,,,,,,,,,,,,,,,,,,,,
,,,,,,,,,,,,,,,,,,,,,,
,,,,,,,,,,,,,,,,,,,,,,
,,,,,,,,,,,,,,,,,,,,,,
,,,,,,,,,,,,,,,,,,,,,,
,,,,,,,,,,,,,,,,,,,,,,
,,,,,,,,,,,,,,,,,,,,,,
,,,,,,,,,,,,,,,,,,,,,,
,,,,,,,,,,,,,,,,,,,,,,
,,,,,,,,,,,,,,,,,,,,,,
,,,,,,,,,,,,,,,,,,,,,,
,,,,,,,,,,,,,,,,,,,,,,
,,,,,,,,,,,,,,,,,,,,,,
,,,,,,,,,,,,,,,,,,,,,,
,,,,,,,,,,,,,,,,,,,,,,
,,,,,,,,,,,,,,,,,,,,,,
,,,,,,,,,,,,,,,,,,,,,,
,,,,,,,,,,,,,,,,,,,,,,
,,,,,,,,,,,,,,,,,,,,,,
,,,,,,,,,,,,,,,,,,,,,,
,,,,,,,,,,,,,,,,,,,,,,
,,,,,,,,,,,,,,,,,,,,,,
,,,,,,,,,,,,,,,,,,,,,,
,,,,,,,,,,,,,,,,,,,,,,
,,,,,,,,,,,,,,,,,,,,,,
,,,,,,,,,,,,,,,,,,,,,,
,,,,,,,,,,,,,,,,,,,,,,
,,,,,,,,,,,,,,,,,,,,,,
,,,,,,,,,,,,,,,,,,,,,,
,,,,,,,,,,,,,,,,,,,,,,
,,,,,,,,,,,,,,,,,,,,,,
,,,,,,,,,,,,,,,,,,,,,,
,,,,,,,,,,,,,,,,,,,,,,
,,,,,,,,,,,,,,,,,,,,,,
,,,,,,,,,,,,,,,,,,,,,,
,,,,,,,,,,,,,,,,,,,,,,
,,,,,,,,,,,,,,,,,,,,,,
,,,,,,,,,,,,,,,,,,,,,,
,,,,,,,,,,,,,,,,,,,,,,
,,,,,,,,,,,,,,,,,,,,,,
,,,,,,,,,,,,,,,,,,,,,,
,,,,,,,,,,,,,,,,,,,,,,
,,,,,,,,,,,,,,,,,,,,,,
,,,,,,,,,,,,,,,,,,,,,,
,,,,,,,,,,,,,,,,,,,,,,
,,,,,,,,,,,,,,,,,,,,,,
,,,,,,,,,,,,,,,,,,,,,,
,,,,,,,,,,,,,,,,,,,,,,
,,,,,,,,,,,,,,,,,,,,,,
,,,,,,,,,,,,,,,,,,,,,,
,,,,,,,,,,,,,,,,,,,,,,
,,,,,,,,,,,,,,,,,,,,,,
,,,,,,,,,,,,,,,,,,,,,,
,,,,,,,,,,,,,,,,,,,,,,
,,,,,,,,,,,,,,,,,,,,,,
,,,,,,,,,,,,,,,,,,,,,,
,,,,,,,,,,,,,,,,,,,,,,
,,,,,,,,,,,,,,,,,,,,,,
,,,,,,,,,,,,,,,,,,,,,,
,,,,,,,,,,,,,,,,,,,,,,
,,,,,,,,,,,,,,,,,,,,,,
,,,,,,,,,,,,,,,,,,,,,,
,,,,,,,,,,,,,,,,,,,,,,
,,,,,,,,,,,,,,,,,,,,,,
,,,,,,,,,,,,,,,,,,,,,,
,,,,,,,,,,,,,,,,,,,,,,
,,,,,,,,,,,,,,,,,,,,,,
,,,,,,,,,,,,,,,,,,,,,,
,,,,,,,,,,,,,,,,,,,,,,
,,,,,,,,,,,,,,,,,,,,,,
,,,,,,,,,,,,,,,,,,,,,,
,,,,,,,,,,,,,,,,,,,,,,
,,,,,,,,,,,,,,,,,,,,,,
,,,,,,,,,,,,,,,,,,,,,,
,,,,,,,,,,,,,,,,,,,,,,
,,,,,,,,,,,,,,,,,,,,,,
,,,,,,,,,,,,,,,,,,,,,,
,,,,,,,,,,,,,,,,,,,,,,
,,,,,,,,,,,,,,,,,,,,,,
,,,,,,,,,,,,,,,,,,,,,,
,,,,,,,,,,,,,,,,,,,,,,
,,,,,,,,,,,,,,,,,,,,,,
,,,,,,,,,,,,,,,,,,,,,,
,,,,,,,,,,,,,,,,,,,,,,
,,,,,,,,,,,,,,,,,,,,,,
,,,,,,,,,,,,,,,,,,,,,,
,,,,,,,,,,,,,,,,,,,,,,
,,,,,,,,,,,,,,,,,,,,,,
,,,,,,,,,,,,,,,,,,,,,,
,,,,,,,,,,,,,,,,,,,,,,
,,,,,,,,,,,,,,,,,,,,,,
,,,,,,,,,,,,,,,,,,,,,,
,,,,,,,,,,,,,,,,,,,,,,
,,,,,,,,,,,,,,,,,,,,,,
,,,,,,,,,,,,,,,,,,,,,,
,,,,,,,,,,,,,,,,,,,,,,
,,,,,,,,,,,,,,,,,,,,,,
,,,,,,,,,,,,,,,,,,,,,,
,,,,,,,,,,,,,,,,,,,,,,
,,,,,,,,,,,,,,,,,,,,,,
,,,,,,,,,,,,,,,,,,,,,,
,,,,,,,,,,,,,,,,,,,,,,
,,,,,,,,,,,,,,,,,,,,,,
,,,,,,,,,,,,,,,,,,,,,,
,,,,,,,,,,,,,,,,,,,,,,
,,,,,,,,,,,,,,,,,,,,,,
,,,,,,,,,,,,,,,,,,,,,,
,,,,,,,,,,,,,,,,,,,,,,
,,,,,,,,,,,,,,,,,,,,,,
,,,,,,,,,,,,,,,,,,,,,,
,,,,,,,,,,,,,,,,,,,,,,
,,,,,,,,,,,,,,,,,,,,,,
,,,,,,,,,,,,,,,,,,,,,,
,,,,,,,,,,,,,,,,,,,,,,
,,,,,,,,,,,,,,,,,,,,,,
,,,,,,,,,,,,,,,,,,,,,,
,,,,,,,,,,,,,,,,,,,,,,
,,,,,,,,,,,,,,,,,,,,,,
,,,,,,,,,,,,,,,,,,,,,,
,,,,,,,,,,,,,,,,,,,,,,
,,,,,,,,,,,,,,,,,,,,,,
,,,,,,,,,,,,,,,,,,,,,,
,,,,,,,,,,,,,,,,,,,,,,
,,,,,,,,,,,,,,,,,,,,,,
,,,,,,,,,,,,,,,,,,,,,,
,,,,,,,,,,,,,,,,,,,,,,
,,,,,,,,,,,,,,,,,,,,,,
,,,,,,,,,,,,,,,,,,,,,,
,,,,,,,,,,,,,,,,,,,,,,
,,,,,,,,,,,,,,,,,,,,,,
,,,,,,,,,,,,,,,,,,,,,,
,,,,,,,,,,,,,,,,,,,,,,
,,,,,,,,,,,,,,,,,,,,,,
,,,,,,,,,,,,,,,,,,,,,,
,,,,,,,,,,,,,,,,,,,,,,
,,,,,,,,,,,,,,,,,,,,,,
,,,,,,,,,,,,,,,,,,,,,,
,,,,,,,,,,,,,,,,,,,,,,
,,,,,,,,,,,,,,,,,,,,,,
,,,,,,,,,,,,,,,,,,,,,,
,,,,,,,,,,,,,,,,,,,,,,
,,,,,,,,,,,,,,,,,,,,,,
,,,,,,,,,,,,,,,,,,,,,,
,,,,,,,,,,,,,,,,,,,,,,
,,,,,,,,,,,,,,,,,,,,,,
,,,,,,,,,,,,,,,,,,,,,,
,,,,,,,,,,,,,,,,,,,,,,
,,,,,,,,,,,,,,,,,,,,,,
,,,,,,,,,,,,,,,,,,,,,,
,,,,,,,,,,,,,,,,,,,,,,
,,,,,,,,,,,,,,,,,,,,,,
,,,,,,,,,,,,,,,,,,,,,,
,,,,,,,,,,,,,,,,,,,,,,
,,,,,,,,,,,,,,,,,,,,,,
,,,,,,,,,,,,,,,,,,,,,,
,,,,,,,,,,,,,,,,,,,,,,
,,,,,,,,,,,,,,,,,,,,,,
,,,,,,,,,,,,,,,,,,,,,,
,,,,,,,,,,,,,,,,,,,,,,
,,,,,,,,,,,,,,,,,,,,,,
,,,,,,,,,,,,,,,,,,,,,,
,,,,,,,,,,,,,,,,,,,,,,
,,,,,,,,,,,,,,,,,,,,,,
,,,,,,,,,,,,,,,,,,,,,,
,,,,,,,,,,,,,,,,,,,,,,
,,,,,,,,,,,,,,,,,,,,,,
,,,,,,,,,,,,,,,,,,,,,,
,,,,,,,,,,,,,,,,,,,,,,
,,,,,,,,,,,,,,,,,,,,,,
,,,,,,,,,,,,,,,,,,,,,,
,,,,,,,,,,,,,,,,,,,,,,
,,,,,,,,,,,,,,,,,,,,,,
,,,,,,,,,,,,,,,,,,,,,,
,,,,,,,,,,,,,,,,,,,,,,
,,,,,,,,,,,,,,,,,,,,,,
,,,,,,,,,,,,,,,,,,,,,,
,,,,,,,,,,,,,,,,,,,,,,
,,,,,,,,,,,,,,,,,,,,,,
,,,,,,,,,,,,,,,,,,,,,,
,,,,,,,,,,,,,,,,,,,,,,
,,,,,,,,,,,,,,,,,,,,,,
,,,,,,,,,,,,,,,,,,,,,,
,,,,,,,,,,,,,,,,,,,,,,
,,,,,,,,,,,,,,,,,,,,,,
,,,,,,,,,,,,,,,,,,,,,,
,,,,,,,,,,,,,,,,,,,,,,
,,,,,,,,,,,,,,,,,,,,,,
,,,,,,,,,,,,,,,,,,,,,,
,,,,,,,,,,,,,,,,,,,,,,
,,,,,,,,,,,,,,,,,,,,,,
,,,,,,,,,,,,,,,,,,,,,,
,,,,,,,,,,,,,,,,,,,,,,
,,,,,,,,,,,,,,,,,,,,,,
,,,,,,,,,,,,,,,,,,,,,,
,,,,,,,,,,,,,,,,,,,,,,
,,,,,,,,,,,,,,,,,,,,,,
,,,,,,,,,,,,,,,,,,,,,,
,,,,,,,,,,,,,,,,,,,,,,
,,,,,,,,,,,,,,,,,,,,,,
,,,,,,,,,,,,,,,,,,,,,,
,,,,,,,,,,,,,,,,,,,,,,
,,,,,,,,,,,,,,,,,,,,,,
,,,,,,,,,,,,,,,,,,,,,,
,,,,,,,,,,,,,,,,,,,,,,
,,,,,,,,,,,,,,,,,,,,,,
,,,,,,,,,,,,,,,,,,,,,,
,,,,,,,,,,,,,,,,,,,,,,
,,,,,,,,,,,,,,,,,,,,,,
,,,,,,,,,,,,,,,,,,,,,,
,,,,,,,,,,,,,,,,,,,,,,
,,,,,,,,,,,,,,,,,,,,,,
,,,,,,,,,,,,,,,,,,,,,,
,,,,,,,,,,,,,,,,,,,,,,
,,,,,,,,,,,,,,,,,,,,,,
,,,,,,,,,,,,,,,,,,,,,,
,,,,,,,,,,,,,,,,,,,,,,
,,,,,,,,,,,,,,,,,,,,,,
,,,,,,,,,,,,,,,,,,,,,,
,,,,,,,,,,,,,,,,,,,,,,
,,,,,,,,,,,,,,,,,,,,,,
,,,,,,,,,,,,,,,,,,,,,,
,,,,,,,,,,,,,,,,,,,,,,
,,,,,,,,,,,,,,,,,,,,,,
,,,,,,,,,,,,,,,,,,,,,,
,,,,,,,,,,,,,,,,,,,,,,
,,,,,,,,,,,,,,,,,,,,,,
,,,,,,,,,,,,,,,,,,,,,,
,,,,,,,,,,,,,,,,,,,,,,
,,,,,,,,,,,,,,,,,,,,,,
,,,,,,,,,,,,,,,,,,,,,,
,,,,,,,,,,,,,,,,,,,,,,
,,,,,,,,,,,,,,,,,,,,,,
,,,,,,,,,,,,,,,,,,,,,,
,,,,,,,,,,,,,,,,,,,,,,
,,,,,,,,,,,,,,,,,,,,,,
,,,,,,,,,,,,,,,,,,,,,,
,,,,,,,,,,,,,,,,,,,,,,
,,,,,,,,,,,,,,,,,,,,,,
,,,,,,,,,,,,,,,,,,,,,,
,,,,,,,,,,,,,,,,,,,,,,
,,,,,,,,,,,,,,,,,,,,,,
,,,,,,,,,,,,,,,,,,,,,,
,,,,,,,,,,,,,,,,,,,,,,
,,,,,,,,,,,,,,,,,,,,,,
,,,,,,,,,,,,,,,,,,,,,,
,,,,,,,,,,,,,,,,,,,,,,
,,,,,,,,,,,,,,,,,,,,,,
,,,,,,,,,,,,,,,,,,,,,,
,,,,,,,,,,,,,,,,,,,,,,
,,,,,,,,,,,,,,,,,,,,,,
,,,,,,,,,,,,,,,,,,,,,,
,,,,,,,,,,,,,,,,,,,,,,
,,,,,,,,,,,,,,,,,,,,,,
,,,,,,,,,,,,,,,,,,,,,,
,,,,,,,,,,,,,,,,,,,,,,
,,,,,,,,,,,,,,,,,,,,,,
,,,,,,,,,,,,,,,,,,,,,,
,,,,,,,,,,,,,,,,,,,,,,
,,,,,,,,,,,,,,,,,,,,,,
,,,,,,,,,,,,,,,,,,,,,,
,,,,,,,,,,,,,,,,,,,,,,
,,,,,,,,,,,,,,,,,,,,,,
,,,,,,,,,,,,,,,,,,,,,,
,,,,,,,,,,,,,,,,,,,,,,
,,,,,,,,,,,,,,,,,,,,,,
,,,,,,,,,,,,,,,,,,,,,,
,,,,,,,,,,,,,,,,,,,,,,
,,,,,,,,,,,,,,,,,,,,,,
,,,,,,,,,,,,,,,,,,,,,,
,,,,,,,,,,,,,,,,,,,,,,
,,,,,,,,,,,,,,,,,,,,,,
,,,,,,,,,,,,,,,,,,,,,,
,,,,,,,,,,,,,,,,,,,,,,
,,,,,,,,,,,,,,,,,,,,,,
,,,,,,,,,,,,,,,,,,,,,,
,,,,,,,,,,,,,,,,,,,,,,
,,,,,,,,,,,,,,,,,,,,,,
,,,,,,,,,,,,,,,,,,,,,,
,,,,,,,,,,,,,,,,,,,,,,
,,,,,,,,,,,,,,,,,,,,,,
,,,,,,,,,,,,,,,,,,,,,,
,,,,,,,,,,,,,,,,,,,,,,
,,,,,,,,,,,,,,,,,,,,,,
,,,,,,,,,,,,,,,,,,,,,,
,,,,,,,,,,,,,,,,,,,,,,
,,,,,,,,,,,,,,,,,,,,,,
,,,,,,,,,,,,,,,,,,,,,,
,,,,,,,,,,,,,,,,,,,,,,
,,,,,,,,,,,,,,,,,,,,,,
,,,,,,,,,,,,,,,,,,,,,,
,,,,,,,,,,,,,,,,,,,,,,
,,,,,,,,,,,,,,,,,,,,,,
,,,,,,,,,,,,,,,,,,,,,,
,,,,,,,,,,,,,,,,,,,,,,
,,,,,,,,,,,,,,,,,,,,,,
,,,,,,,,,,,,,,,,,,,,,,
,,,,,,,,,,,,,,,,,,,,,,
,,,,,,,,,,,,,,,,,,,,,,
,,,,,,,,,,,,,,,,,,,,,,
,,,,,,,,,,,,,,,,,,,,,,
,,,,,,,,,,,,,,,,,,,,,,
,,,,,,,,,,,,,,,,,,,,,,
,,,,,,,,,,,,,,,,,,,,,,
,,,,,,,,,,,,,,,,,,,,,,
,,,,,,,,,,,,,,,,,,,,,,
,,,,,,,,,,,,,,,,,,,,,,
,,,,,,,,,,,,,,,,,,,,,,
,,,,,,,,,,,,,,,,,,,,,,
,,,,,,,,,,,,,,,,,,,,,,
,,,,,,,,,,,,,,,,,,,,,,
,,,,,,,,,,,,,,,,,,,,,,
,,,,,,,,,,,,,,,,,,,,,,
,,,,,,,,,,,,,,,,,,,,,,
,,,,,,,,,,,,,,,,,,,,,,
,,,,,,,,,,,,,,,,,,,,,,
,,,,,,,,,,,,,,,,,,,,,,
,,,,,,,,,,,,,,,,,,,,,,
,,,,,,,,,,,,,,,,,,,,,,
,,,,,,,,,,,,,,,,,,,,,,
,,,,,,,,,,,,,,,,,,,,,,
,,,,,,,,,,,,,,,,,,,,,,
,,,,,,,,,,,,,,,,,,,,,,
,,,,,,,,,,,,,,,,,,,,,,
,,,,,,,,,,,,,,,,,,,,,,
,,,,,,,,,,,,,,,,,,,,,,
,,,,,,,,,,,,,,,,,,,,,,
,,,,,,,,,,,,,,,,,,,,,,
,,,,,,,,,,,,,,,,,,,,,,
,,,,,,,,,,,,,,,,,,,,,,
,,,,,,,,,,,,,,,,,,,,,,
,,,,,,,,,,,,,,,,,,,,,,
,,,,,,,,,,,,,,,,,,,,,,
,,,,,,,,,,,,,,,,,,,,,,
,,,,,,,,,,,,,,,,,,,,,,
,,,,,,,,,,,,,,,,,,,,,,
,,,,,,,,,,,,,,,,,,,,,,
,,,,,,,,,,,,,,,,,,,,,,
,,,,,,,,,,,,,,,,,,,,,,
,,,,,,,,,,,,,,,,,,,,,,
,,,,,,,,,,,,,,,,,,,,,,
,,,,,,,,,,,,,,,,,,,,,,
,,,,,,,,,,,,,,,,,,,,,,
,,,,,,,,,,,,,,,,,,,,,,
,,,,,,,,,,,,,,,,,,,,,,
,,,,,,,,,,,,,,,,,,,,,,
,,,,,,,,,,,,,,,,,,,,,,
,,,,,,,,,,,,,,,,,,,,,,
,,,,,,,,,,,,,,,,,,,,,,
,,,,,,,,,,,,,,,,,,,,,,
,,,,,,,,,,,,,,,,,,,,,,
,,,,,,,,,,,,,,,,,,,,,,
,,,,,,,,,,,,,,,,,,,,,,
,,,,,,,,,,,,,,,,,,,,,,
,,,,,,,,,,,,,,,,,,,,,,
,,,,,,,,,,,,,,,,,,,,,,
,,,,,,,,,,,,,,,,,,,,,,
,,,,,,,,,,,,,,,,,,,,,,
,,,,,,,,,,,,,,,,,,,,,,
,,,,,,,,,,,,,,,,,,,,,,
,,,,,,,,,,,,,,,,,,,,,,
,,,,,,,,,,,,,,,,,,,,,,
,,,,,,,,,,,,,,,,,,,,,,
,,,,,,,,,,,,,,,,,,,,,,
,,,,,,,,,,,,,,,,,,,,,,
,,,,,,,,,,,,,,,,,,,,,,
,,,,,,,,,,,,,,,,,,,,,,
,,,,,,,,,,,,,,,,,,,,,,
,,,,,,,,,,,,,,,,,,,,,,
,,,,,,,,,,,,,,,,,,,,,,
,,,,,,,,,,,,,,,,,,,,,,
,,,,,,,,,,,,,,,,,,,,,,
,,,,,,,,,,,,,,,,,,,,,,
,,,,,,,,,,,,,,,,,,,,,,
,,,,,,,,,,,,,,,,,,,,,,
,,,,,,,,,,,,,,,,,,,,,,
,,,,,,,,,,,,,,,,,,,,,,
,,,,,,,,,,,,,,,,,,,,,,
,,,,,,,,,,,,,,,,,,,,,,
,,,,,,,,,,,,,,,,,,,,,,
,,,,,,,,,,,,,,,,,,,,,,
,,,,,,,,,,,,,,,,,,,,,,
,,,,,,,,,,,,,,,,,,,,,,
,,,,,,,,,,,,,,,,,,,,,,
,,,,,,,,,,,,,,,,,,,,,,
,,,,,,,,,,,,,,,,,,,,,,
,,,,,,,,,,,,,,,,,,,,,,
,,,,,,,,,,,,,,,,,,,,,,
,,,,,,,,,,,,,,,,,,,,,,
,,,,,,,,,,,,,,,,,,,,,,
,,,,,,,,,,,,,,,,,,,,,,
,,,,,,,,,,,,,,,,,,,,,,
,,,,,,,,,,,,,,,,,,,,,,
,,,,,,,,,,,,,,,,,,,,,,
,,,,,,,,,,,,,,,,,,,,,,
,,,,,,,,,,,,,,,,,,,,,,
,,,,,,,,,,,,,,,,,,,,,,
,,,,,,,,,,,,,,,,,,,,,,
,,,,,,,,,,,,,,,,,,,,,,
,,,,,,,,,,,,,,,,,,,,,,
,,,,,,,,,,,,,,,,,,,,,,
,,,,,,,,,,,,,,,,,,,,,,
,,,,,,,,,,,,,,,,,,,,,,
,,,,,,,,,,,,,,,,,,,,,,
,,,,,,,,,,,,,,,,,,,,,,
,,,,,,,,,,,,,,,,,,,,,,
,,,,,,,,,,,,,,,,,,,,,,
,,,,,,,,,,,,,,,,,,,,,,
,,,,,,,,,,,,,,,,,,,,,,
,,,,,,,,,,,,,,,,,,,,,,
,,,,,,,,,,,,,,,,,,,,,,
,,,,,,,,,,,,,,,,,,,,,,
,,,,,,,,,,,,,,,,,,,,,,
,,,,,,,,,,,,,,,,,,,,,,
,,,,,,,,,,,,,,,,,,,,,,
,,,,,,,,,,,,,,,,,,,,,,
,,,,,,,,,,,,,,,,,,,,,,
,,,,,,,,,,,,,,,,,,,,,,
,,,,,,,,,,,,,,,,,,,,,,
,,,,,,,,,,,,,,,,,,,,,,
,,,,,,,,,,,,,,,,,,,,,,
,,,,,,,,,,,,,,,,,,,,,,
,,,,,,,,,,,,,,,,,,,,,,
,,,,,,,,,,,,,,,,,,,,,,
,,,,,,,,,,,,,,,,,,,,,,
,,,,,,,,,,,,,,,,,,,,,,
,,,,,,,,,,,,,,,,,,,,,,
,,,,,,,,,,,,,,,,,,,,,,
,,,,,,,,,,,,,,,,,,,,,,
,,,,,,,,,,,,,,,,,,,,,,
,,,,,,,,,,,,,,,,,,,,,,
,,,,,,,,,,,,,,,,,,,,,,
,,,,,,,,,,,,,,,,,,,,,,
,,,,,,,,,,,,,,,,,,,,,,
,,,,,,,,,,,,,,,,,,,,,,
,,,,,,,,,,,,,,,,,,,,,,
,,,,,,,,,,,,,,,,,,,,,,
,,,,,,,,,,,,,,,,,,,,,,
,,,,,,,,,,,,,,,,,,,,,,
,,,,,,,,,,,,,,,,,,,,,,
,,,,,,,,,,,,,,,,,,,,,,
,,,,,,,,,,,,,,,,,,,,,,
,,,,,,,,,,,,,,,,,,,,,,
,,,,,,,,,,,,,,,,,,,,,,
,,,,,,,,,,,,,,,,,,,,,,
,,,,,,,,,,,,,,,,,,,,,,
,,,,,,,,,,,,,,,,,,,,,,
,,,,,,,,,,,,,,,,,,,,,,
,,,,,,,,,,,,,,,,,,,,,,
,,,,,,,,,,,,,,,,,,,,,,
,,,,,,,,,,,,,,,,,,,,,,
,,,,,,,,,,,,,,,,,,,,,,
,,,,,,,,,,,,,,,,,,,,,,
,,,,,,,,,,,,,,,,,,,,,,
,,,,,,,,,,,,,,,,,,,,,,
,,,,,,,,,,,,,,,,,,,,,,
,,,,,,,,,,,,,,,,,,,,,,
,,,,,,,,,,,,,,,,,,,,,,
,,,,,,,,,,,,,,,,,,,,,,
,,,,,,,,,,,,,,,,,,,,,,
,,,,,,,,,,,,,,,,,,,,,,
,,,,,,,,,,,,,,,,,,,,,,
,,,,,,,,,,,,,,,,,,,,,,
,,,,,,,,,,,,,,,,,,,,,,
,,,,,,,,,,,,,,,,,,,,,,
,,,,,,,,,,,,,,,,,,,,,,
,,,,,,,,,,,,,,,,,,,,,,
,,,,,,,,,,,,,,,,,,,,,,
,,,,,,,,,,,,,,,,,,,,,,
,,,,,,,,,,,,,,,,,,,,,,
,,,,,,,,,,,,,,,,,,,,,,
,,,,,,,,,,,,,,,,,,,,,,
,,,,,,,,,,,,,,,,,,,,,,
,,,,,,,,,,,,,,,,,,,,,,
,,,,,,,,,,,,,,,,,,,,,,
,,,,,,,,,,,,,,,,,,,,,,
,,,,,,,,,,,,,,,,,,,,,,
,,,,,,,,,,,,,,,,,,,,,,
,,,,,,,,,,,,,,,,,,,,,,
,,,,,,,,,,,,,,,,,,,,,,
,,,,,,,,,,,,,,,,,,,,,,
,,,,,,,,,,,,,,,,,,,,,,
,,,,,,,,,,,,,,,,,,,,,,
,,,,,,,,,,,,,,,,,,,,,,
,,,,,,,,,,,,,,,,,,,,,,
,,,,,,,,,,,,,,,,,,,,,,
,,,,,,,,,,,,,,,,,,,,,,
,,,,,,,,,,,,,,,,,,,,,,
,,,,,,,,,,,,,,,,,,,,,,
,,,,,,,,,,,,,,,,,,,,,,
,,,,,,,,,,,,,,,,,,,,,,
,,,,,,,,,,,,,,,,,,,,,,
,,,,,,,,,,,,,,,,,,,,,,
,,,,,,,,,,,,,,,,,,,,,,
,,,,,,,,,,,,,,,,,,,,,,
,,,,,,,,,,,,,,,,,,,,,,
,,,,,,,,,,,,,,,,,,,,,,
,,,,,,,,,,,,,,,,,,,,,,
,,,,,,,,,,,,,,,,,,,,,,
,,,,,,,,,,,,,,,,,,,,,,
,,,,,,,,,,,,,,,,,,,,,,
,,,,,,,,,,,,,,,,,,,,,,
,,,,,,,,,,,,,,,,,,,,,,
,,,,,,,,,,,,,,,,,,,,,,
,,,,,,,,,,,,,,,,,,,,,,
,,,,,,,,,,,,,,,,,,,,,,
,,,,,,,,,,,,,,,,,,,,,,
,,,,,,,,,,,,,,,,,,,,,,
,,,,,,,,,,,,,,,,,,,,,,
,,,,,,,,,,,,,,,,,,,,,,
,,,,,,,,,,,,,,,,,,,,,,
,,,,,,,,,,,,,,,,,,,,,,
,,,,,,,,,,,,,,,,,,,,,,
,,,,,,,,,,,,,,,,,,,,,,
,,,,,,,,,,,,,,,,,,,,,,
,,,,,,,,,,,,,,,,,,,,,,
,,,,,,,,,,,,,,,,,,,,,,
,,,,,,,,,,,,,,,,,,,,,,
,,,,,,,,,,,,,,,,,,,,,,
,,,,,,,,,,,,,,,,,,,,,,
,,,,,,,,,,,,,,,,,,,,,,
,,,,,,,,,,,,,,,,,,,,,,
,,,,,,,,,,,,,,,,,,,,,,
,,,,,,,,,,,,,,,,,,,,,,
,,,,,,,,,,,,,,,,,,,,,,
,,,,,,,,,,,,,,,,,,,,,,
,,,,,,,,,,,,,,,,,,,,,,
,,,,,,,,,,,,,,,,,,,,,,
,,,,,,,,,,,,,,,,,,,,,,
,,,,,,,,,,,,,,,,,,,,,,
,,,,,,,,,,,,,,,,,,,,,,
,,,,,,,,,,,,,,,,,,,,,,
,,,,,,,,,,,,,,,,,,,,,,
,,,,,,,,,,,,,,,,,,,,,,
,,,,,,,,,,,,,,,,,,,,,,
,,,,,,,,,,,,,,,,,,,,,,
,,,,,,,,,,,,,,,,,,,,,,
,,,,,,,,,,,,,,,,,,,,,,
,,,,,,,,,,,,,,,,,,,,,,
,,,,,,,,,,,,,,,,,,,,,,
,,,,,,,,,,,,,,,,,,,,,,
,,,,,,,,,,,,,,,,,,,,,,
,,,,,,,,,,,,,,,,,,,,,,
,,,,,,,,,,,,,,,,,,,,,,
,,,,,,,,,,,,,,,,,,,,,,
,,,,,,,,,,,,,,,,,,,,,,
,,,,,,,,,,,,,,,,,,,,,,
,,,,,,,,,,,,,,,,,,,,,,
,,,,,,,,,,,,,,,,,,,,,,
,,,,,,,,,,,,,,,,,,,,,,
,,,,,,,,,,,,,,,,,,,,,,
,,,,,,,,,,,,,,,,,,,,,,
,,,,,,,,,,,,,,,,,,,,,,
,,,,,,,,,,,,,,,,,,,,,,
,,,,,,,,,,,,,,,,,,,,,,
,,,,,,,,,,,,,,,,,,,,,,
,,,,,,,,,,,,,,,,,,,,,,
,,,,,,,,,,,,,,,,,,,,,,
,,,,,,,,,,,,,,,,,,,,,,
,,,,,,,,,,,,,,,,,,,,,,
,,,,,,,,,,,,,,,,,,,,,,
,,,,,,,,,,,,,,,,,,,,,,
,,,,,,,,,,,,,,,,,,,,,,
,,,,,,,,,,,,,,,,,,,,,,
,,,,,,,,,,,,,,,,,,,,,,
,,,,,,,,,,,,,,,,,,,,,,
,,,,,,,,,,,,,,,,,,,,,,
,,,,,,,,,,,,,,,,,,,,,,
,,,,,,,,,,,,,,,,,,,,,,
,,,,,,,,,,,,,,,,,,,,,,
,,,,,,,,,,,,,,,,,,,,,,
,,,,,,,,,,,,,,,,,,,,,,
,,,,,,,,,,,,,,,,,,,,,,
,,,,,,,,,,,,,,,,,,,,,,
,,,,,,,,,,,,,,,,,,,,,,
,,,,,,,,,,,,,,,,,,,,,,
,,,,,,,,,,,,,,,,,,,,,,
,,,,,,,,,,,,,,,,,,,,,,
,,,,,,,,,,,,,,,,,,,,,,
,,,,,,,,,,,,,,,,,,,,,,
,,,,,,,,,,,,,,,,,,,,,,
,,,,,,,,,,,,,,,,,,,,,,
,,,,,,,,,,,,,,,,,,,,,,
,,,,,,,,,,,,,,,,,,,,,,
,,,,,,,,,,,,,,,,,,,,,,
,,,,,,,,,,,,,,,,,,,,,,
,,,,,,,,,,,,,,,,,,,,,,
,,,,,,,,,,,,,,,,,,,,,,
,,,,,,,,,,,,,,,,,,,,,,
,,,,,,,,,,,,,,,,,,,,,,
,,,,,,,,,,,,,,,,,,,,,,
,,,,,,,,,,,,,,,,,,,,,,
,,,,,,,,,,,,,,,,,,,,,,
,,,,,,,,,,,,,,,,,,,,,,
,,,,,,,,,,,,,,,,,,,,,,
,,,,,,,,,,,,,,,,,,,,,,
,,,,,,,,,,,,,,,,,,,,,,
,,,,,,,,,,,,,,,,,,,,,,
,,,,,,,,,,,,,,,,,,,,,,
,,,,,,,,,,,,,,,,,,,,,,
,,,,,,,,,,,,,,,,,,,,,,
,,,,,,,,,,,,,,,,,,,,,,
,,,,,,,,,,,,,,,,,,,,,,
,,,,,,,,,,,,,,,,,,,,,,
,,,,,,,,,,,,,,,,,,,,,,
,,,,,,,,,,,,,,,,,,,,,,
,,,,,,,,,,,,,,,,,,,,,,
,,,,,,,,,,,,,,,,,,,,,,
,,,,,,,,,,,,,,,,,,,,,,
,,,,,,,,,,,,,,,,,,,,,,
,,,,,,,,,,,,,,,,,,,,,,
,,,,,,,,,,,,,,,,,,,,,,
,,,,,,,,,,,,,,,,,,,,,,
,,,,,,,,,,,,,,,,,,,,,,
,,,,,,,,,,,,,,,,,,,,,,
,,,,,,,,,,,,,,,,,,,,,,
,,,,,,,,,,,,,,,,,,,,,,
,,,,,,,,,,,,,,,,,,,,,,
,,,,,,,,,,,,,,,,,,,,,,
,,,,,,,,,,,,,,,,,,,,,,
,,,,,,,,,,,,,,,,,,,,,,
,,,,,,,,,,,,,,,,,,,,,,
,,,,,,,,,,,,,,,,,,,,,,
,,,,,,,,,,,,,,,,,,,,,,
,,,,,,,,,,,,,,,,,,,,,,
,,,,,,,,,,,,,,,,,,,,,,
,,,,,,,,,,,,,,,,,,,,,,
,,,,,,,,,,,,,,,,,,,,,,
,,,,,,,,,,,,,,,,,,,,,,
,,,,,,,,,,,,,,,,,,,,,,
,,,,,,,,,,,,,,,,,,,,,,
,,,,,,,,,,,,,,,,,,,,,,
,,,,,,,,,,,,,,,,,,,,,,
,,,,,,,,,,,,,,,,,,,,,,
,,,,,,,,,,,,,,,,,,,,,,
,,,,,,,,,,,,,,,,,,,,,,
,,,,,,,,,,,,,,,,,,,,,,
,,,,,,,,,,,,,,,,,,,,,,
,,,,,,,,,,,,,,,,,,,,,,
,,,,,,,,,,,,,,,,,,,,,,
,,,,,,,,,,,,,,,,,,,,,,
,,,,,,,,,,,,,,,,,,,,,,
,,,,,,,,,,,,,,,,,,,,,,
,,,,,,,,,,,,,,,,,,,,,,
,,,,,,,,,,,,,,,,,,,,,,
,,,,,,,,,,,,,,,,,,,,,,
,,,,,,,,,,,,,,,,,,,,,,
,,,,,,,,,,,,,,,,,,,,,,
,,,,,,,,,,,,,,,,,,,,,,
,,,,,,,,,,,,,,,,,,,,,,
,,,,,,,,,,,,,,,,,,,,,,
,,,,,,,,,,,,,,,,,,,,,,
,,,,,,,,,,,,,,,,,,,,,,
,,,,,,,,,,,,,,,,,,,,,,
,,,,,,,,,,,,,,,,,,,,,,
,,,,,,,,,,,,,,,,,,,,,,
,,,,,,,,,,,,,,,,,,,,,,
,,,,,,,,,,,,,,,,,,,,,,
,,,,,,,,,,,,,,,,,,,,,,
,,,,,,,,,,,,,,,,,,,,,,
,,,,,,,,,,,,,,,,,,,,,,
,,,,,,,,,,,,,,,,,,,,,,
,,,,,,,,,,,,,,,,,,,,,,
,,,,,,,,,,,,,,,,,,,,,,
,,,,,,,,,,,,,,,,,,,,,,
,,,,,,,,,,,,,,,,,,,,,,
,,,,,,,,,,,,,,,,,,,,,,
,,,,,,,,,,,,,,,,,,,,,,
,,,,,,,,,,,,,,,,,,,,,,
,,,,,,,,,,,,,,,,,,,,,,
,,,,,,,,,,,,,,,,,,,,,,
,,,,,,,,,,,,,,,,,,,,,,
,,,,,,,,,,,,,,,,,,,,,,
,,,,,,,,,,,,,,,,,,,,,,
,,,,,,,,,,,,,,,,,,,,,,
,,,,,,,,,,,,,,,,,,,,,,
,,,,,,,,,,,,,,,,,,,,,,
,,,,,,,,,,,,,,,,,,,,,,
,,,,,,,,,,,,,,,,,,,,,,
,,,,,,,,,,,,,,,,,,,,,,
,,,,,,,,,,,,,,,,,,,,,,
,,,,,,,,,,,,,,,,,,,,,,
,,,,,,,,,,,,,,,,,,,,,,
,,,,,,,,,,,,,,,,,,,,,,
,,,,,,,,,,,,,,,,,,,,,,
,,,,,,,,,,,,,,,,,,,,,,
,,,,,,,,,,,,,,,,,,,,,,
,,,,,,,,,,,,,,,,,,,,,,
,,,,,,,,,,,,,,,,,,,,,,
,,,,,,,,,,,,,,,,,,,,,,
,,,,,,,,,,,,,,,,,,,,,,
,,,,,,,,,,,,,,,,,,,,,,
,,,,,,,,,,,,,,,,,,,,,,
,,,,,,,,,,,,,,,,,,,,,,
,,,,,,,,,,,,,,,,,,,,,,
,,,,,,,,,,,,,,,,,,,,,,
,,,,,,,,,,,,,,,,,,,,,,
,,,,,,,,,,,,,,,,,,,,,,
,,,,,,,,,,,,,,,,,,,,,,
,,,,,,,,,,,,,,,,,,,,,,
,,,,,,,,,,,,,,,,,,,,,,
,,,,,,,,,,,,,,,,,,,,,,
,,,,,,,,,,,,,,,,,,,,,,
,,,,,,,,,,,,,,,,,,,,,,
,,,,,,,,,,,,,,,,,,,,,,
,,,,,,,,,,,,,,,,,,,,,,
,,,,,,,,,,,,,,,,,,,,,,
,,,,,,,,,,,,,,,,,,,,,,
,,,,,,,,,,,,,,,,,,,,,,
,,,,,,,,,,,,,,,,,,,,,,
,,,,,,,,,,,,,,,,,,,,,,
,,,,,,,,,,,,,,,,,,,,,,
,,,,,,,,,,,,,,,,,,,,,,
,,,,,,,,,,,,,,,,,,,,,,
,,,,,,,,,,,,,,,,,,,,,,
,,,,,,,,,,,,,,,,,,,,,,
,,,,,,,,,,,,,,,,,,,,,,
,,,,,,,,,,,,,,,,,,,,,,
,,,,,,,,,,,,,,,,,,,,,,
,,,,,,,,,,,,,,,,,,,,,,
,,,,,,,,,,,,,,,,,,,,,,
,,,,,,,,,,,,,,,,,,,,,,
,,,,,,,,,,,,,,,,,,,,,,
,,,,,,,,,,,,,,,,,,,,,,
,,,,,,,,,,,,,,,,,,,,,,
,,,,,,,,,,,,,,,,,,,,,,
,,,,,,,,,,,,,,,,,,,,,,
,,,,,,,,,,,,,,,,,,,,,,
,,,,,,,,,,,,,,,,,,,,,,
,,,,,,,,,,,,,,,,,,,,,,
,,,,,,,,,,,,,,,,,,,,,,
,,,,,,,,,,,,,,,,,,,,,,
,,,,,,,,,,,,,,,,,,,,,,
,,,,,,,,,,,,,,,,,,,,,,
,,,,,,,,,,,,,,,,,,,,,,
,,,,,,,,,,,,,,,,,,,,,,
,,,,,,,,,,,,,,,,,,,,,,
,,,,,,,,,,,,,,,,,,,,,,
,,,,,,,,,,,,,,,,,,,,,,
,,,,,,,,,,,,,,,,,,,,,,
,,,,,,,,,,,,,,,,,,,,,,
,,,,,,,,,,,,,,,,,,,,,,
,,,,,,,,,,,,,,,,,,,,,,
,,,,,,,,,,,,,,,,,,,,,,
,,,,,,,,,,,,,,,,,,,,,,
,,,,,,,,,,,,,,,,,,,,,,
,,,,,,,,,,,,,,,,,,,,,,
,,,,,,,,,,,,,,,,,,,,,,
,,,,,,,,,,,,,,,,,,,,,,
,,,,,,,,,,,,,,,,,,,,,,
,,,,,,,,,,,,,,,,,,,,,,
,,,,,,,,,,,,,,,,,,,,,,
,,,,,,,,,,,,,,,,,,,,,,
,,,,,,,,,,,,,,,,,,,,,,
,,,,,,,,,,,,,,,,,,,,,,
,,,,,,,,,,,,,,,,,,,,,,
,,,,,,,,,,,,,,,,,,,,,,
,,,,,,,,,,,,,,,,,,,,,,
,,,,,,,,,,,,,,,,,,,,,,
,,,,,,,,,,,,,,,,,,,,,,
,,,,,,,,,,,,,,,,,,,,,,
,,,,,,,,,,,,,,,,,,,,,,
,,,,,,,,,,,,,,,,,,,,,,
,,,,,,,,,,,,,,,,,,,,,,
,,,,,,,,,,,,,,,,,,,,,,
,,,,,,,,,,,,,,,,,,,,,,
,,,,,,,,,,,,,,,,,,,,,,
,,,,,,,,,,,,,,,,,,,,,,
,,,,,,,,,,,,,,,,,,,,,,
,,,,,,,,,,,,,,,,,,,,,,
,,,,,,,,,,,,,,,,,,,,,,
,,,,,,,,,,,,,,,,,,,,,,
,,,,,,,,,,,,,,,,,,,,,,
,,,,,,,,,,,,,,,,,,,,,,
,,,,,,,,,,,,,,,,,,,,,,
,,,,,,,,,,,,,,,,,,,,,,
,,,,,,,,,,,,,,,,,,,,,,
,,,,,,,,,,,,,,,,,,,,,,
,,,,,,,,,,,,,,,,,,,,,,
,,,,,,,,,,,,,,,,,,,,,,
,,,,,,,,,,,,,,,,,,,,,,
,,,,,,,,,,,,,,,,,,,,,,
,,,,,,,,,,,,,,,,,,,,,,
,,,,,,,,,,,,,,,,,,,,,,
,,,,,,,,,,,,,,,,,,,,,,
,,,,,,,,,,,,,,,,,,,,,,
,,,,,,,,,,,,,,,,,,,,,,
,,,,,,,,,,,,,,,,,,,,,,
,,,,,,,,,,,,,,,,,,,,,,
,,,,,,,,,,,,,,,,,,,,,,
,,,,,,,,,,,,,,,,,,,,,,
,,,,,,,,,,,,,,,,,,,,,,
,,,,,,,,,,,,,,,,,,,,,,
,,,,,,,,,,,,,,,,,,,,,,
,,,,,,,,,,,,,,,,,,,,,,
,,,,,,,,,,,,,,,,,,,,,,
,,,,,,,,,,,,,,,,,,,,,,
,,,,,,,,,,,,,,,,,,,,,,
,,,,,,,,,,,,,,,,,,,,,,
,,,,,,,,,,,,,,,,,,,,,,
,,,,,,,,,,,,,,,,,,,,,,
,,,,,,,,,,,,,,,,,,,,,,
,,,,,,,,,,,,,,,,,,,,,,
,,,,,,,,,,,,,,,,,,,,,,
,,,,,,,,,,,,,,,,,,,,,,
,,,,,,,,,,,,,,,,,,,,,,
,,,,,,,,,,,,,,,,,,,,,,
,,,,,,,,,,,,,,,,,,,,,,
,,,,,,,,,,,,,,,,,,,,,,
,,,,,,,,,,,,,,,,,,,,,,
,,,,,,,,,,,,,,,,,,,,,,
,,,,,,,,,,,,,,,,,,,,,,
,,,,,,,,,,,,,,,,,,,,,,
,,,,,,,,,,,,,,,,,,,,,,
,,,,,,,,,,,,,,,,,,,,,,
,,,,,,,,,,,,,,,,,,,,,,
,,,,,,,,,,,,,,,,,,,,,,
,,,,,,,,,,,,,,,,,,,,,,
,,,,,,,,,,,,,,,,,,,,,,
,,,,,,,,,,,,,,,,,,,,,,
,,,,,,,,,,,,,,,,,,,,,,
,,,,,,,,,,,,,,,,,,,,,,
,,,,,,,,,,,,,,,,,,,,,,
,,,,,,,,,,,,,,,,,,,,,,
,,,,,,,,,,,,,,,,,,,,,,
,,,,,,,,,,,,,,,,,,,,,,
,,,,,,,,,,,,,,,,,,,,,,
,,,,,,,,,,,,,,,,,,,,,,
,,,,,,,,,,,,,,,,,,,,,,
,,,,,,,,,,,,,,,,,,,,,,
,,,,,,,,,,,,,,,,,,,,,,
,,,,,,,,,,,,,,,,,,,,,,
,,,,,,,,,,,,,,,,,,,,,,
,,,,,,,,,,,,,,,,,,,,,,
,,,,,,,,,,,,,,,,,,,,,,
,,,,,,,,,,,,,,,,,,,,,,
,,,,,,,,,,,,,,,,,,,,,,
,,,,,,,,,,,,,,,,,,,,,,
,,,,,,,,,,,,,,,,,,,,,,
,,,,,,,,,,,,,,,,,,,,,,
,,,,,,,,,,,,,,,,,,,,,,
,,,,,,,,,,,,,,,,,,,,,,
,,,,,,,,,,,,,,,,,,,,,,
,,,,,,,,,,,,,,,,,,,,,,
,,,,,,,,,,,,,,,,,,,,,,
,,,,,,,,,,,,,,,,,,,,,,
,,,,,,,,,,,,,,,,,,,,,,
,,,,,,,,,,,,,,,,,,,,,,
,,,,,,,,,,,,,,,,,,,,,,
,,,,,,,,,,,,,,,,,,,,,,
,,,,,,,,,,,,,,,,,,,,,,
,,,,,,,,,,,,,,,,,,,,,,
,,,,,,,,,,,,,,,,,,,,,,
,,,,,,,,,,,,,,,,,,,,,,
,,,,,,,,,,,,,,,,,,,,,,
,,,,,,,,,,,,,,,,,,,,,,
,,,,,,,,,,,,,,,,,,,,,,
,,,,,,,,,,,,,,,,,,,,,,
,,,,,,,,,,,,,,,,,,,,,,
,,,,,,,,,,,,,,,,,,,,,,
,,,,,,,,,,,,,,,,,,,,,,
,,,,,,,,,,,,,,,,,,,,,,
,,,,,,,,,,,,,,,,,,,,,,
,,,,,,,,,,,,,,,,,,,,,,
,,,,,,,,,,,,,,,,,,,,,,
,,,,,,,,,,,,,,,,,,,,,,
,,,,,,,,,,,,,,,,,,,,,,
,,,,,,,,,,,,,,,,,,,,,,
,,,,,,,,,,,,,,,,,,,,,,
,,,,,,,,,,,,,,,,,,,,,,
,,,,,,,,,,,,,,,,,,,,,,
,,,,,,,,,,,,,,,,,,,,,,
,,,,,,,,,,,,,,,,,,,,,,
,,,,,,,,,,,,,,,,,,,,,,
,,,,,,,,,,,,,,,,,,,,,,
,,,,,,,,,,,,,,,,,,,,,,
,,,,,,,,,,,,,,,,,,,,,,
,,,,,,,,,,,,,,,,,,,,,,
,,,,,,,,,,,,,,,,,,,,,,
,,,,,,,,,,,,,,,,,,,,,,
,,,,,,,,,,,,,,,,,,,,,,
,,,,,,,,,,,,,,,,,,,,,,
,,,,,,,,,,,,,,,,,,,,,,
,,,,,,,,,,,,,,,,,,,,,,
,,,,,,,,,,,,,,,,,,,,,,
,,,,,,,,,,,,,,,,,,,,,,
,,,,,,,,,,,,,,,,,,,,,,
,,,,,,,,,,,,,,,,,,,,,,
,,,,,,,,,,,,,,,,,,,,,,
,,,,,,,,,,,,,,,,,,,,,,
,,,,,,,,,,,,,,,,,,,,,,
,,,,,,,,,,,,,,,,,,,,,,
,,,,,,,,,,,,,,,,,,,,,,
,,,,,,,,,,,,,,,,,,,,,,
,,,,,,,,,,,,,,,,,,,,,,
,,,,,,,,,,,,,,,,,,,,,,
,,,,,,,,,,,,,,,,,,,,,,
,,,,,,,,,,,,,,,,,,,,,,
,,,,,,,,,,,,,,,,,,,,,,
,,,,,,,,,,,,,,,,,,,,,,
,,,,,,,,,,,,,,,,,,,,,,
,,,,,,,,,,,,,,,,,,,,,,
,,,,,,,,,,,,,,,,,,,,,,
,,,,,,,,,,,,,,,,,,,,,,
,,,,,,,,,,,,,,,,,,,,,,
,,,,,,,,,,,,,,,,,,,,,,
,,,,,,,,,,,,,,,,,,,,,,
,,,,,,,,,,,,,,,,,,,,,,
,,,,,,,,,,,,,,,,,,,,,,
,,,,,,,,,,,,,,,,,,,,,,
,,,,,,,,,,,,,,,,,,,,,,
,,,,,,,,,,,,,,,,,,,,,,
,,,,,,,,,,,,,,,,,,,,,,
,,,,,,,,,,,,,,,,,,,,,,
,,,,,,,,,,,,,,,,,,,,,,
,,,,,,,,,,,,,,,,,,,,,,
,,,,,,,,,,,,,,,,,,,,,,
,,,,,,,,,,,,,,,,,,,,,,
,,,,,,,,,,,,,,,,,,,,,,
,,,,,,,,,,,,,,,,,,,,,,
,,,,,,,,,,,,,,,,,,,,,,
,,,,,,,,,,,,,,,,,,,,,,
,,,,,,,,,,,,,,,,,,,,,,
,,,,,,,,,,,,,,,,,,,,,,
,,,,,,,,,,,,,,,,,,,,,,
,,,,,,,,,,,,,,,,,,,,,,
,,,,,,,,,,,,,,,,,,,,,,
,,,,,,,,,,,,,,,,,,,,,,
,,,,,,,,,,,,,,,,,,,,,,
,,,,,,,,,,,,,,,,,,,,,,
,,,,,,,,,,,,,,,,,,,,,,
,,,,,,,,,,,,,,,,,,,,,,
,,,,,,,,,,,,,,,,,,,,,,
,,,,,,,,,,,,,,,,,,,,,,
,,,,,,,,,,,,,,,,,,,,,,
,,,,,,,,,,,,,,,,,,,,,,
,,,,,,,,,,,,,,,,,,,,,,
,,,,,,,,,,,,,,,,,,,,,,
,,,,,,,,,,,,,,,,,,,,,,
,,,,,,,,,,,,,,,,,,,,,,
,,,,,,,,,,,,,,,,,,,,,,
,,,,,,,,,,,,,,,,,,,,,,
,,,,,,,,,,,,,,,,,,,,,,
,,,,,,,,,,,,,,,,,,,,,,
,,,,,,,,,,,,,,,,,,,,,,
,,,,,,,,,,,,,,,,,,,,,,
,,,,,,,,,,,,,,,,,,,,,,
,,,,,,,,,,,,,,,,,,,,,,
,,,,,,,,,,,,,,,,,,,,,,
,,,,,,,,,,,,,,,,,,,,,,
,,,,,,,,,,,,,,,,,,,,,,
,,,,,,,,,,,,,,,,,,,,,,
,,,,,,,,,,,,,,,,,,,,,,
,,,,,,,,,,,,,,,,,,,,,,
,,,,,,,,,,,,,,,,,,,,,,
,,,,,,,,,,,,,,,,,,,,,,
,,,,,,,,,,,,,,,,,,,,,,
,,,,,,,,,,,,,,,,,,,,,,
,,,,,,,,,,,,,,,,,,,,,,
,,,,,,,,,,,,,,,,,,,,,,
,,,,,,,,,,,,,,,,,,,,,,
,,,,,,,,,,,,,,,,,,,,,,
,,,,,,,,,,,,,,,,,,,,,,
,,,,,,,,,,,,,,,,,,,,,,
,,,,,,,,,,,,,,,,,,,,,,
,,,,,,,,,,,,,,,,,,,,,,
,,,,,,,,,,,,,,,,,,,,,,
,,,,,,,,,,,,,,,,,,,,,,
,,,,,,,,,,,,,,,,,,,,,,
,,,,,,,,,,,,,,,,,,,,,,
,,,,,,,,,,,,,,,,,,,,,,
,,,,,,,,,,,,,,,,,,,,,,
,,,,,,,,,,,,,,,,,,,,,,
,,,,,,,,,,,,,,,,,,,,,,
,,,,,,,,,,,,,,,,,,,,,,
,,,,,,,,,,,,,,,,,,,,,,
,,,,,,,,,,,,,,,,,,,,,,
,,,,,,,,,,,,,,,,,,,,,,
,,,,,,,,,,,,,,,,,,,,,,
,,,,,,,,,,,,,,,,,,,,,,
,,,,,,,,,,,,,,,,,,,,,,
,,,,,,,,,,,,,,,,,,,,,,
,,,,,,,,,,,,,,,,,,,,,,
,,,,,,,,,,,,,,,,,,,,,,
,,,,,,,,,,,,,,,,,,,,,,
,,,,,,,,,,,,,,,,,,,,,,
,,,,,,,,,,,,,,,,,,,,,,
,,,,,,,,,,,,,,,,,,,,,,
,,,,,,,,,,,,,,,,,,,,,,
,,,,,,,,,,,,,,,,,,,,,,
,,,,,,,,,,,,,,,,,,,,,,
,,,,,,,,,,,,,,,,,,,,,,
,,,,,,,,,,,,,,,,,,,,,,
,,,,,,,,,,,,,,,,,,,,,,
,,,,,,,,,,,,,,,,,,,,,,
,,,,,,,,,,,,,,,,,,,,,,
,,,,,,,,,,,,,,,,,,,,,,
,,,,,,,,,,,,,,,,,,,,,,
,,,,,,,,,,,,,,,,,,,,,,
,,,,,,,,,,,,,,,,,,,,,,
,,,,,,,,,,,,,,,,,,,,,,
,,,,,,,,,,,,,,,,,,,,,,
,,,,,,,,,,,,,,,,,,,,,,
,,,,,,,,,,,,,,,,,,,,,,
,,,,,,,,,,,,,,,,,,,,,,
,,,,,,,,,,,,,,,,,,,,,,
,,,,,,,,,,,,,,,,,,,,,,
,,,,,,,,,,,,,,,,,,,,,,
,,,,,,,,,,,,,,,,,,,,,,
,,,,,,,,,,,,,,,,,,,,,,
,,,,,,,,,,,,,,,,,,,,,,
,,,,,,,,,,,,,,,,,,,,,,
,,,,,,,,,,,,,,,,,,,,,,
,,,,,,,,,,,,,,,,,,,,,,
,,,,,,,,,,,,,,,,,,,,,,
,,,,,,,,,,,,,,,,,,,,,,
,,,,,,,,,,,,,,,,,,,,,,
,,,,,,,,,,,,,,,,,,,,,,
,,,,,,,,,,,,,,,,,,,,,,
,,,,,,,,,,,,,,,,,,,,,,
,,,,,,,,,,,,,,,,,,,,,,
,,,,,,,,,,,,,,,,,,,,,,
,,,,,,,,,,,,,,,,,,,,,,
,,,,,,,,,,,,,,,,,,,,,,
,,,,,,,,,,,,,,,,,,,,,,
,,,,,,,,,,,,,,,,,,,,,,
,,,,,,,,,,,,,,,,,,,,,,
,,,,,,,,,,,,,,,,,,,,,,
,,,,,,,,,,,,,,,,,,,,,,
,,,,,,,,,,,,,,,,,,,,,,
,,,,,,,,,,,,,,,,,,,,,,
,,,,,,,,,,,,,,,,,,,,,,
,,,,,,,,,,,,,,,,,,,,,,
,,,,,,,,,,,,,,,,,,,,,,
,,,,,,,,,,,,,,,,,,,,,,
,,,,,,,,,,,,,,,,,,,,,,
,,,,,,,,,,,,,,,,,,,,,,
,,,,,,,,,,,,,,,,,,,,,,
,,,,,,,,,,,,,,,,,,,,,,
,,,,,,,,,,,,,,,,,,,,,,
,,,,,,,,,,,,,,,,,,,,,,
,,,,,,,,,,,,,,,,,,,,,,
,,,,,,,,,,,,,,,,,,,,,,
,,,,,,,,,,,,,,,,,,,,,,
,,,,,,,,,,,,,,,,,,,,,,
,,,,,,,,,,,,,,,,,,,,,,
,,,,,,,,,,,,,,,,,,,,,,
,,,,,,,,,,,,,,,,,,,,,,
,,,,,,,,,,,,,,,,,,,,,,
,,,,,,,,,,,,,,,,,,,,,,
,,,,,,,,,,,,,,,,,,,,,,
,,,,,,,,,,,,,,,,,,,,,,
,,,,,,,,,,,,,,,,,,,,,,
,,,,,,,,,,,,,,,,,,,,,,
,,,,,,,,,,,,,,,,,,,,,,
,,,,,,,,,,,,,,,,,,,,,,
,,,,,,,,,,,,,,,,,,,,,,
,,,,,,,,,,,,,,,,,,,,,,
,,,,,,,,,,,,,,,,,,,,,,
,,,,,,,,,,,,,,,,,,,,,,
,,,,,,,,,,,,,,,,,,,,,,
,,,,,,,,,,,,,,,,,,,,,,
,,,,,,,,,,,,,,,,,,,,,,
,,,,,,,,,,,,,,,,,,,,,,
,,,,,,,,,,,,,,,,,,,,,,
,,,,,,,,,,,,,,,,,,,,,,
,,,,,,,,,,,,,,,,,,,,,,
,,,,,,,,,,,,,,,,,,,,,,
,,,,,,,,,,,,,,,,,,,,,,
,,,,,,,,,,,,,,,,,,,,,,
,,,,,,,,,,,,,,,,,,,,,,
,,,,,,,,,,,,,,,,,,,,,,
,,,,,,,,,,,,,,,,,,,,,,
,,,,,,,,,,,,,,,,,,,,,,
,,,,,,,,,,,,,,,,,,,,,,
,,,,,,,,,,,,,,,,,,,,,,
,,,,,,,,,,,,,,,,,,,,,,
,,,,,,,,,,,,,,,,,,,,,,
,,,,,,,,,,,,,,,,,,,,,,
,,,,,,,,,,,,,,,,,,,,,,
,,,,,,,,,,,,,,,,,,,,,,
,,,,,,,,,,,,,,,,,,,,,,
,,,,,,,,,,,,,,,,,,,,,,
,,,,,,,,,,,,,,,,,,,,,,
,,,,,,,,,,,,,,,,,,,,,,
,,,,,,,,,,,,,,,,,,,,,,
,,,,,,,,,,,,,,,,,,,,,,
,,,,,,,,,,,,,,,,,,,,,,
,,,,,,,,,,,,,,,,,,,,,,
,,,,,,,,,,,,,,,,,,,,,,
,,,,,,,,,,,,,,,,,,,,,,
,,,,,,,,,,,,,,,,,,,,,,
,,,,,,,,,,,,,,,,,,,,,,
,,,,,,,,,,,,,,,,,,,,,,
,,,,,,,,,,,,,,,,,,,,,,
,,,,,,,,,,,,,,,,,,,,,,
,,,,,,,,,,,,,,,,,,,,,,
,,,,,,,,,,,,,,,,,,,,,,
,,,,,,,,,,,,,,,,,,,,,,
,,,,,,,,,,,,,,,,,,,,,,
,,,,,,,,,,,,,,,,,,,,,,
,,,,,,,,,,,,,,,,,,,,,,
,,,,,,,,,,,,,,,,,,,,,,
,,,,,,,,,,,,,,,,,,,,,,
,,,,,,,,,,,,,,,,,,,,,,
,,,,,,,,,,,,,,,,,,,,,,
,,,,,,,,,,,,,,,,,,,,,,
,,,,,,,,,,,,,,,,,,,,,,
,,,,,,,,,,,,,,,,,,,,,,
,,,,,,,,,,,,,,,,,,,,,,
,,,,,,,,,,,,,,,,,,,,,,
,,,,,,,,,,,,,,,,,,,,,,
,,,,,,,,,,,,,,,,,,,,,,
,,,,,,,,,,,,,,,,,,,,,,
,,,,,,,,,,,,,,,,,,,,,,
,,,,,,,,,,,,,,,,,,,,,,
,,,,,,,,,,,,,,,,,,,,,,
,,,,,,,,,,,,,,,,,,,,,,
,,,,,,,,,,,,,,,,,,,,,,
,,,,,,,,,,,,,,,,,,,,,,
,,,,,,,,,,,,,,,,,,,,,,
,,,,,,,,,,,,,,,,,,,,,,
,,,,,,,,,,,,,,,,,,,,,,
,,,,,,,,,,,,,,,,,,,,,,
,,,,,,,,,,,,,,,,,,,,,,
,,,,,,,,,,,,,,,,,,,,,,
,,,,,,,,,,,,,,,,,,,,,,
,,,,,,,,,,,,,,,,,,,,,,
,,,,,,,,,,,,,,,,,,,,,,
,,,,,,,,,,,,,,,,,,,,,,
,,,,,,,,,,,,,,,,,,,,,,
,,,,,,,,,,,,,,,,,,,,,,
,,,,,,,,,,,,,,,,,,,,,,
,,,,,,,,,,,,,,,,,,,,,,
,,,,,,,,,,,,,,,,,,,,,,
,,,,,,,,,,,,,,,,,,,,,,
,,,,,,,,,,,,,,,,,,,,,,
,,,,,,,,,,,,,,,,,,,,,,
,,,,,,,,,,,,,,,,,,,,,,
,,,,,,,,,,,,,,,,,,,,,,
,,,,,,,,,,,,,,,,,,,,,,
,,,,,,,,,,,,,,,,,,,,,,
,,,,,,,,,,,,,,,,,,,,,,
,,,,,,,,,,,,,,,,,,,,,,
,,,,,,,,,,,,,,,,,,,,,,
,,,,,,,,,,,,,,,,,,,,,,
,,,,,,,,,,,,,,,,,,,,,,
,,,,,,,,,,,,,,,,,,,,,,
,,,,,,,,,,,,,,,,,,,,,,
,,,,,,,,,,,,,,,,,,,,,,
,,,,,,,,,,,,,,,,,,,,,,
,,,,,,,,,,,,,,,,,,,,,,
,,,,,,,,,,,,,,,,,,,,,,
,,,,,,,,,,,,,,,,,,,,,,
,,,,,,,,,,,,,,,,,,,,,,
,,,,,,,,,,,,,,,,,,,,,,
,,,,,,,,,,,,,,,,,,,,,,
,,,,,,,,,,,,,,,,,,,,,,
,,,,,,,,,,,,,,,,,,,,,,
,,,,,,,,,,,,,,,,,,,,,,
,,,,,,,,,,,,,,,,,,,,,,
,,,,,,,,,,,,,,,,,,,,,,
,,,,,,,,,,,,,,,,,,,,,,
,,,,,,,,,,,,,,,,,,,,,,
,,,,,,,,,,,,,,,,,,,,,,
,,,,,,,,,,,,,,,,,,,,,,
,,,,,,,,,,,,,,,,,,,,,,
,,,,,,,,,,,,,,,,,,,,,,
,,,,,,,,,,,,,,,,,,,,,,
,,,,,,,,,,,,,,,,,,,,,,
,,,,,,,,,,,,,,,,,,,,,,
,,,,,,,,,,,,,,,,,,,,,,
,,,,,,,,,,,,,,,,,,,,,,
,,,,,,,,,,,,,,,,,,,,,,
,,,,,,,,,,,,,,,,,,,,,,
,,,,,,,,,,,,,,,,,,,,,,
,,,,,,,,,,,,,,,,,,,,,,
,,,,,,,,,,,,,,,,,,,,,,
,,,,,,,,,,,,,,,,,,,,,,
,,,,,,,,,,,,,,,,,,,,,,
,,,,,,,,,,,,,,,,,,,,,,
,,,,,,,,,,,,,,,,,,,,,,
,,,,,,,,,,,,,,,,,,,,,,
,,,,,,,,,,,,,,,,,,,,,,
,,,,,,,,,,,,,,,,,,,,,,
,,,,,,,,,,,,,,,,,,,,,,
,,,,,,,,,,,,,,,,,,,,,,
,,,,,,,,,,,,,,,,,,,,,,
,,,,,,,,,,,,,,,,,,,,,,
,,,,,,,,,,,,,,,,,,,,,,
,,,,,,,,,,,,,,,,,,,,,,
,,,,,,,,,,,,,,,,,,,,,,
,,,,,,,,,,,,,,,,,,,,,,
,,,,,,,,,,,,,,,,,,,,,,
,,,,,,,,,,,,,,,,,,,,,,
,,,,,,,,,,,,,,,,,,,,,,
,,,,,,,,,,,,,,,,,,,,,,
,,,,,,,,,,,,,,,,,,,,,,
,,,,,,,,,,,,,,,,,,,,,,
,,,,,,,,,,,,,,,,,,,,,,
,,,,,,,,,,,,,,,,,,,,,,
,,,,,,,,,,,,,,,,,,,,,,
,,,,,,,,,,,,,,,,,,,,,,
,,,,,,,,,,,,,,,,,,,,,,
,,,,,,,,,,,,,,,,,,,,,,
,,,,,,,,,,,,,,,,,,,,,,
,,,,,,,,,,,,,,,,,,,,,,
,,,,,,,,,,,,,,,,,,,,,,
,,,,,,,,,,,,,,,,,,,,,,
,,,,,,,,,,,,,,,,,,,,,,
,,,,,,,,,,,,,,,,,,,,,,
,,,,,,,,,,,,,,,,,,,,,,
,,,,,,,,,,,,,,,,,,,,,,
,,,,,,,,,,,,,,,,,,,,,,
,,,,,,,,,,,,,,,,,,,,,,
,,,,,,,,,,,,,,,,,,,,,,
,,,,,,,,,,,,,,,,,,,,,,
,,,,,,,,,,,,,,,,,,,,,,
,,,,,,,,,,,,,,,,,,,,,,
,,,,,,,,,,,,,,,,,,,,,,
,,,,,,,,,,,,,,,,,,,,,,
,,,,,,,,,,,,,,,,,,,,,,
,,,,,,,,,,,,,,,,,,,,,,
,,,,,,,,,,,,,,,,,,,,,,
,,,,,,,,,,,,,,,,,,,,,,
,,,,,,,,,,,,,,,,,,,,,,
,,,,,,,,,,,,,,,,,,,,,,
,,,,,,,,,,,,,,,,,,,,,,
,,,,,,,,,,,,,,,,,,,,,,
,,,,,,,,,,,,,,,,,,,,,,
,,,,,,,,,,,,,,,,,,,,,,
,,,,,,,,,,,,,,,,,,,,,,
,,,,,,,,,,,,,,,,,,,,,,
,,,,,,,,,,,,,,,,,,,,,,
,,,,,,,,,,,,,,,,,,,,,,
,,,,,,,,,,,,,,,,,,,,,,
,,,,,,,,,,,,,,,,,,,,,,
,,,,,,,,,,,,,,,,,,,,,,
,,,,,,,,,,,,,,,,,,,,,,
,,,,,,,,,,,,,,,,,,,,,,
,,,,,,,,,,,,,,,,,,,,,,
,,,,,,,,,,,,,,,,,,,,,,
,,,,,,,,,,,,,,,,,,,,,,
,,,,,,,,,,,,,,,,,,,,,,
,,,,,,,,,,,,,,,,,,,,,,
,,,,,,,,,,,,,,,,,,,,,,
,,,,,,,,,,,,,,,,,,,,,,
,,,,,,,,,,,,,,,,,,,,,,
,,,,,,,,,,,,,,,,,,,,,,
,,,,,,,,,,,,,,,,,,,,,,
,,,,,,,,,,,,,,,,,,,,,,
,,,,,,,,,,,,,,,,,,,,,,
,,,,,,,,,,,,,,,,,,,,,,
,,,,,,,,,,,,,,,,,,,,,,
,,,,,,,,,,,,,,,,,,,,,,
,,,,,,,,,,,,,,,,,,,,,,
,,,,,,,,,,,,,,,,,,,,,,
,,,,,,,,,,,,,,,,,,,,,,
,,,,,,,,,,,,,,,,,,,,,,
,,,,,,,,,,,,,,,,,,,,,,
,,,,,,,,,,,,,,,,,,,,,,
,,,,,,,,,,,,,,,,,,,,,,
,,,,,,,,,,,,,,,,,,,,,,
,,,,,,,,,,,,,,,,,,,,,,
,,,,,,,,,,,,,,,,,,,,,,
,,,,,,,,,,,,,,,,,,,,,,
,,,,,,,,,,,,,,,,,,,,,,
,,,,,,,,,,,,,,,,,,,,,,
,,,,,,,,,,,,,,,,,,,,,,
,,,,,,,,,,,,,,,,,,,,,,
,,,,,,,,,,,,,,,,,,,,,,
,,,,,,,,,,,,,,,,,,,,,,
,,,,,,,,,,,,,,,,,,,,,,
,,,,,,,,,,,,,,,,,,,,,,
,,,,,,,,,,,,,,,,,,,,,,
,,,,,,,,,,,,,,,,,,,,,,
,,,,,,,,,,,,,,,,,,,,,,
,,,,,,,,,,,,,,,,,,,,,,
,,,,,,,,,,,,,,,,,,,,,,
,,,,,,,,,,,,,,,,,,,,,,
,,,,,,,,,,,,,,,,,,,,,,
,,,,,,,,,,,,,,,,,,,,,,
,,,,,,,,,,,,,,,,,,,,,,
,,,,,,,,,,,,,,,,,,,,,,
,,,,,,,,,,,,,,,,,,,,,,
,,,,,,,,,,,,,,,,,,,,,,
,,,,,,,,,,,,,,,,,,,,,,
,,,,,,,,,,,,,,,,,,,,,,
,,,,,,,,,,,,,,,,,,,,,,
,,,,,,,,,,,,,,,,,,,,,,
,,,,,,,,,,,,,,,,,,,,,,
,,,,,,,,,,,,,,,,,,,,,,
,,,,,,,,,,,,,,,,,,,,,,
,,,,,,,,,,,,,,,,,,,,,,
,,,,,,,,,,,,,,,,,,,,,,
,,,,,,,,,,,,,,,,,,,,,,
,,,,,,,,,,,,,,,,,,,,,,
,,,,,,,,,,,,,,,,,,,,,,
,,,,,,,,,,,,,,,,,,,,,,
,,,,,,,,,,,,,,,,,,,,,,
,,,,,,,,,,,,,,,,,,,,,,
,,,,,,,,,,,,,,,,,,,,,,
,,,,,,,,,,,,,,,,,,,,,,
,,,,,,,,,,,,,,,,,,,,,,
,,,,,,,,,,,,,,,,,,,,,,
,,,,,,,,,,,,,,,,,,,,,,
,,,,,,,,,,,,,,,,,,,,,,
,,,,,,,,,,,,,,,,,,,,,,
,,,,,,,,,,,,,,,,,,,,,,
,,,,,,,,,,,,,,,,,,,,,,
,,,,,,,,,,,,,,,,,,,,,,
,,,,,,,,,,,,,,,,,,,,,,
,,,,,,,,,,,,,,,,,,,,,,
,,,,,,,,,,,,,,,,,,,,,,
,,,,,,,,,,,,,,,,,,,,,,
,,,,,,,,,,,,,,,,,,,,,,
,,,,,,,,,,,,,,,,,,,,,,
,,,,,,,,,,,,,,,,,,,,,,
,,,,,,,,,,,,,,,,,,,,,,
,,,,,,,,,,,,,,,,,,,,,,
,,,,,,,,,,,,,,,,,,,,,,
,,,,,,,,,,,,,,,,,,,,,,
,,,,,,,,,,,,,,,,,,,,,,
,,,,,,,,,,,,,,,,,,,,,,
,,,,,,,,,,,,,,,,,,,,,,
,,,,,,,,,,,,,,,,,,,,,,
,,,,,,,,,,,,,,,,,,,,,,
,,,,,,,,,,,,,,,,,,,,,,
,,,,,,,,,,,,,,,,,,,,,,
,,,,,,,,,,,,,,,,,,,,,,
,,,,,,,,,,,,,,,,,,,,,,
,,,,,,,,,,,,,,,,,,,,,,
,,,,,,,,,,,,,,,,,,,,,,
,,,,,,,,,,,,,,,,,,,,,,
,,,,,,,,,,,,,,,,,,,,,,
,,,,,,,,,,,,,,,,,,,,,,
,,,,,,,,,,,,,,,,,,,,,,
,,,,,,,,,,,,,,,,,,,,,,
,,,,,,,,,,,,,,,,,,,,,,
,,,,,,,,,,,,,,,,,,,,,,
,,,,,,,,,,,,,,,,,,,,,,
,,,,,,,,,,,,,,,,,,,,,,
,,,,,,,,,,,,,,,,,,,,,,
,,,,,,,,,,,,,,,,,,,,,,
,,,,,,,,,,,,,,,,,,,,,,
,,,,,,,,,,,,,,,,,,,,,,
,,,,,,,,,,,,,,,,,,,,,,
,,,,,,,,,,,,,,,,,,,,,,
,,,,,,,,,,,,,,,,,,,,,,
,,,,,,,,,,,,,,,,,,,,,,
,,,,,,,,,,,,,,,,,,,,,,
,,,,,,,,,,,,,,,,,,,,,,
,,,,,,,,,,,,,,,,,,,,,,
,,,,,,,,,,,,,,,,,,,,,,
,,,,,,,,,,,,,,,,,,,,,,
,,,,,,,,,,,,,,,,,,,,,,
,,,,,,,,,,,,,,,,,,,,,,
,,,,,,,,,,,,,,,,,,,,,,
,,,,,,,,,,,,,,,,,,,,,,
,,,,,,,,,,,,,,,,,,,,,,
,,,,,,,,,,,,,,,,,,,,,,
,,,,,,,,,,,,,,,,,,,,,,
,,,,,,,,,,,,,,,,,,,,,,
,,,,,,,,,,,,,,,,,,,,,,
,,,,,,,,,,,,,,,,,,,,,,
,,,,,,,,,,,,,,,,,,,,,,
,,,,,,,,,,,,,,,,,,,,,,
,,,,,,,,,,,,,,,,,,,,,,
,,,,,,,,,,,,,,,,,,,,,,
,,,,,,,,,,,,,,,,,,,,,,
,,,,,,,,,,,,,,,,,,,,,,
,,,,,,,,,,,,,,,,,,,,,,
,,,,,,,,,,,,,,,,,,,,,,
,,,,,,,,,,,,,,,,,,,,,,
,,,,,,,,,,,,,,,,,,,,,,
,,,,,,,,,,,,,,,,,,,,,,
,,,,,,,,,,,,,,,,,,,,,,
,,,,,,,,,,,,,,,,,,,,,,
,,,,,,,,,,,,,,,,,,,,,,
,,,,,,,,,,,,,,,,,,,,,,
,,,,,,,,,,,,,,,,,,,,,,
,,,,,,,,,,,,,,,,,,,,,,
,,,,,,,,,,,,,,1436,1.39275766,,,,,,,
,,,,,,,,,,,,,,28/04/2026,22:35:11,Almuerzo con amigos,2000,Gasto Corriente,Restaurante,,1436,1.39275766